pc_time,ms,time_s,current_a,thrust_g,raw_line
2026-03-23T21:10:21,40915,40.915,0.013,,"40915,1861,1.500,0.013,-351425,NA"
2026-03-23T21:10:23,42471,42.471,-0.051,,"42471,1858,1.498,-0.051,-351397,NA"
2026-03-23T21:10:24,44007,44.007,-0.11,,"44007,1855,1.495,-0.110,-351418,NA"
2026-03-23T21:10:26,45573,45.573,-0.166,,"45573,1852,1.493,-0.166,-351317,NA"
2026-03-23T21:10:27,47105,47.105,-0.212,,"47105,1850,1.491,-0.212,-351376,NA"
2026-03-23T21:10:29,48680,48.68,-0.254,,"48680,1848,1.490,-0.254,-351390,NA"
2026-03-23T21:10:30,50236,50.236,-0.287,,"50236,1846,1.488,-0.287,-351383,NA"
2026-03-23T21:10:32,51856,51.856,-0.317,,"51856,1845,1.487,-0.317,-351352,NA"
2026-03-23T21:10:34,53549,53.549,-0.346,,"53549,1843,1.486,-0.346,-351440,NA"
2026-03-23T21:10:35,55033,55.033,-0.364,,"55033,1843,1.485,-0.364,-351437,NA"
2026-03-23T21:10:37,56584,56.584,-0.38,,"56584,1842,1.485,-0.380,-351408,NA"
2026-03-23T21:10:38,58210,58.21,-0.395,,"58210,1841,1.484,-0.395,-351383,NA"
2026-03-23T21:10:40,59909,59.909,-0.416,,"59909,1840,1.483,-0.416,-351351,NA"
2026-03-23T21:10:42,61561,61.561,-0.429,,"61561,1839,1.483,-0.429,-351376,NA"
2026-03-23T21:10:43,63326,63.326,-0.437,,"63326,1839,1.482,-0.437,-351350,NA"
2026-03-23T21:10:45,64818,64.818,-0.448,,"64818,1838,1.482,-0.448,-351318,NA"
2026-03-23T21:10:47,66419,66.419,-0.456,,"66419,1838,1.482,-0.456,-351402,NA"
2026-03-23T21:10:48,68076,68.076,-0.463,,"68076,1838,1.481,-0.463,-351342,NA"
2026-03-23T21:10:50,69528,69.528,-0.467,,"69528,1837,1.481,-0.467,-351406,NA"
2026-03-23T21:10:51,71272,71.272,-0.473,,"71272,1837,1.481,-0.473,-351402,NA"
2026-03-23T21:10:53,72883,72.883,-0.477,,"72883,1837,1.481,-0.477,-351365,NA"
2026-03-23T21:10:55,74384,74.384,-0.48,,"74384,1837,1.481,-0.480,-351421,NA"
2026-03-23T21:10:56,76065,76.065,-0.484,,"76065,1837,1.480,-0.484,-351379,NA"
2026-03-23T21:10:58,77659,77.659,-0.49,,"77659,1836,1.480,-0.490,-351401,NA"
2026-03-23T21:10:59,79222,79.222,-0.494,,"79222,1836,1.480,-0.494,-351360,NA"
2026-03-23T21:11:01,80831,80.831,-0.493,,"80831,1836,1.480,-0.493,-351397,NA"
2026-03-23T21:11:03,82449,82.449,-0.497,,"82449,1836,1.480,-0.497,-351333,NA"
2026-03-23T21:11:04,84082,84.082,-0.5,,"84082,1836,1.480,-0.500,-351366,NA"
2026-03-23T21:11:06,85855,85.855,-0.502,,"85855,1836,1.480,-0.502,-351313,NA"
2026-03-23T21:11:08,87463,87.463,-0.503,,"87463,1836,1.480,-0.503,-351367,NA"
2026-03-23T21:11:09,88962,88.962,-0.507,,"88962,1835,1.480,-0.507,-351352,NA"
2026-03-23T21:11:11,90776,90.776,-0.648,,"90776,1828,1.474,-0.648,-351390,NA"
2026-03-23T21:11:13,92428,92.428,-0.884,,"92428,1817,1.464,-0.884,-352062,NA"
2026-03-23T21:11:14,93965,93.965,-1.098,,"93965,1806,1.456,-1.098,-352119,NA"
2026-03-23T21:11:16,95662,95.662,-1.268,,"95662,1798,1.449,-1.268,-351954,NA"
2026-03-23T21:11:17,97213,97.213,-1.4,,"97213,1791,1.444,-1.400,-351922,NA"
2026-03-23T21:11:19,98863,98.863,-1.51,,"98863,1786,1.439,-1.510,-352004,NA"
2026-03-23T21:11:21,100410,100.41,-1.609,,"100410,1781,1.435,-1.609,-351989,NA"
2026-03-23T21:11:22,101960,101.96,-1.7,,"101960,1776,1.432,-1.700,-351958,NA"
2026-03-23T21:11:24,103569,103.569,-1.778,,"103569,1772,1.429,-1.778,-351955,NA"
2026-03-23T21:11:25,105181,105.181,-2.086,,"105181,1757,1.416,-2.086,-353004,NA"
2026-03-23T21:11:27,106828,106.828,-2.19,,"106828,1752,1.412,-2.190,-352674,NA"
2026-03-23T21:11:29,108546,108.546,-2.255,,"108546,1749,1.410,-2.255,-352621,NA"
2026-03-23T21:11:30,110163,110.163,-2.312,,"110163,1746,1.407,-2.312,-352518,NA"
2026-03-23T21:11:32,111913,111.913,-2.369,,"111913,1743,1.405,-2.369,-352615,NA"
2026-03-23T21:11:34,113551,113.551,-2.427,,"113551,1740,1.403,-2.427,-352627,NA"
2026-03-23T21:11:35,115114,115.114,-2.491,,"115114,1737,1.400,-2.491,-352119,NA"
2026-03-23T21:11:37,116591,116.591,-2.627,,"116591,1730,1.395,-2.627,-351516,NA"
2026-03-23T21:12:30,26181,26.181,-0.021,,"26181,1864,1.502,-0.021,-349598,NA"
2026-03-23T21:12:31,27748,27.748,-0.053,,"27748,1862,1.501,-0.053,-349602,NA"
2026-03-23T21:12:33,29420,29.42,-0.082,,"29420,1860,1.500,-0.082,-349573,NA"
2026-03-23T21:12:34,31047,31.047,-0.11,,"31047,1859,1.499,-0.110,-349544,NA"
2026-03-23T21:12:36,32614,32.614,-0.134,,"32614,1858,1.498,-0.134,-349613,NA"
2026-03-23T21:12:37,34079,34.079,-0.157,,"34079,1857,1.497,-0.157,-349544,NA"
2026-03-23T21:12:39,35616,35.616,-0.175,,"35616,1856,1.496,-0.175,-349568,NA"
2026-03-23T21:12:41,37265,37.265,-0.186,,"37265,1855,1.496,-0.186,-349526,NA"
2026-03-23T21:12:42,38757,38.757,-0.196,,"38757,1855,1.495,-0.196,-349544,NA"
2026-03-23T21:12:44,40292,40.292,-0.207,,"40292,1854,1.495,-0.207,-349537,NA"
2026-03-23T21:12:45,41912,41.912,-0.214,,"41912,1854,1.494,-0.214,-349605,NA"
2026-03-23T21:12:47,43508,43.508,-0.223,,"43508,1853,1.494,-0.223,-349560,NA"
2026-03-23T21:12:48,45029,45.029,-0.231,,"45029,1853,1.494,-0.231,-349535,NA"
2026-03-23T21:12:50,46471,46.471,-0.236,,"46471,1853,1.494,-0.236,-349645,NA"
2026-03-23T21:12:51,47997,47.997,-0.243,,"47997,1852,1.493,-0.243,-349527,NA"
2026-03-23T21:12:53,49575,49.575,-0.247,,"49575,1852,1.493,-0.247,-349542,NA"
2026-03-23T21:12:55,51310,51.31,-0.251,,"51310,1852,1.493,-0.251,-349566,NA"
2026-03-23T21:12:56,52870,52.87,-0.256,,"52870,1852,1.493,-0.256,-349512,NA"
2026-03-23T21:12:58,54466,54.466,-0.259,,"54466,1852,1.493,-0.259,-349556,NA"
2026-03-23T21:12:59,55954,55.954,-0.259,,"55954,1852,1.493,-0.259,-349576,NA"
2026-03-23T21:13:01,57634,57.634,-0.264,,"57634,1851,1.492,-0.264,-349604,NA"
2026-03-23T21:13:03,59275,59.275,-0.266,,"59275,1851,1.492,-0.266,-349635,NA"
2026-03-23T21:13:04,60832,60.832,-0.267,,"60832,1851,1.492,-0.267,-349561,NA"
2026-03-23T21:13:06,62639,62.639,-0.267,,"62639,1851,1.492,-0.267,-349579,NA"
2026-03-23T21:13:07,64153,64.153,-0.271,,"64153,1851,1.492,-0.271,-349540,NA"
2026-03-23T21:13:09,65621,65.621,-0.272,,"65621,1851,1.492,-0.272,-349498,NA"
2026-03-23T21:13:11,67394,67.394,-0.271,,"67394,1851,1.492,-0.271,-349589,NA"
2026-03-23T21:13:12,69047,69.047,-0.268,,"69047,1851,1.492,-0.268,-349488,NA"
2026-03-23T21:13:14,70462,70.462,-0.266,,"70462,1851,1.492,-0.266,-349540,NA"
2026-03-23T21:13:15,72059,72.059,-0.261,,"72059,1852,1.493,-0.261,-349614,NA"
2026-03-23T21:13:17,73556,73.556,-0.258,,"73556,1852,1.493,-0.258,-349578,NA"
2026-03-23T21:13:18,75075,75.075,-0.254,,"75075,1852,1.493,-0.254,-349543,NA"
2026-03-23T21:13:20,76787,76.787,-0.249,,"76787,1852,1.493,-0.249,-349599,NA"
2026-03-23T21:13:22,78370,78.37,-0.242,,"78370,1853,1.493,-0.242,-349605,NA"
2026-03-23T21:13:23,80116,80.116,-0.238,,"80116,1853,1.493,-0.238,-349588,NA"
2026-03-23T21:13:25,81686,81.686,-0.233,,"81686,1853,1.494,-0.233,-349562,NA"
2026-03-23T21:13:27,83321,83.321,-0.228,,"83321,1853,1.494,-0.228,-349458,NA"
2026-03-23T21:13:28,84899,84.899,-0.223,,"84899,1853,1.494,-0.223,-349595,NA"
2026-03-23T21:13:30,86613,86.613,-0.219,,"86613,1854,1.494,-0.219,-349545,NA"
2026-03-23T21:13:32,88211,88.211,-0.216,,"88211,1854,1.494,-0.216,-349474,NA"
2026-03-23T21:13:33,89917,89.917,-0.212,,"89917,1854,1.494,-0.212,-349542,NA"
2026-03-23T21:13:35,91416,91.416,-0.209,,"91416,1854,1.495,-0.209,-349558,NA"
2026-03-23T21:13:36,92872,92.872,-0.207,,"92872,1854,1.495,-0.207,-349511,NA"
2026-03-23T21:13:38,94594,94.594,-0.202,,"94594,1855,1.495,-0.202,-349556,NA"
2026-03-23T21:13:39,96127,96.127,-0.198,,"96127,1855,1.495,-0.198,-349636,NA"
2026-03-23T21:13:41,97703,97.703,-0.195,,"97703,1855,1.495,-0.195,-349627,NA"
2026-03-23T21:13:43,99261,99.261,-0.191,,"99261,1855,1.495,-0.191,-349653,NA"
2026-03-23T21:13:44,100945,100.945,-0.189,,"100945,1855,1.495,-0.189,-349583,NA"
2026-03-23T21:13:46,102527,102.527,-0.184,,"102527,1855,1.496,-0.184,-349556,NA"
2026-03-23T21:13:47,103997,103.997,-0.18,,"103997,1856,1.496,-0.180,-349608,NA"
2026-03-23T21:13:49,105537,105.537,-0.172,,"105537,1856,1.496,-0.172,-349689,NA"
2026-03-23T21:13:50,107190,107.19,-0.167,,"107190,1856,1.496,-0.167,-349565,NA"
2026-03-23T21:13:52,108773,108.773,-0.167,,"108773,1856,1.496,-0.167,-349561,NA"
2026-03-23T21:13:54,110314,110.314,-0.164,,"110314,1856,1.496,-0.164,-349582,NA"
2026-03-23T21:13:55,111995,111.995,-0.16,,"111995,1857,1.497,-0.160,-349603,NA"
2026-03-23T21:13:57,113821,113.821,-0.158,,"113821,1857,1.497,-0.158,-349604,NA"
2026-03-23T21:13:58,114146,114.146,-0.157,,"114146,1857,1.497,-0.157,-349507,NA"
2026-03-23T21:13:59,115801,115.801,-0.155,,"115801,1857,1.497,-0.155,-349616,NA"
2026-03-23T21:14:01,117353,117.353,-0.152,,"117353,1857,1.497,-0.152,-349626,NA"
2026-03-23T21:14:02,118820,118.82,-0.149,,"118820,1857,1.497,-0.149,-349597,NA"
2026-03-23T21:14:04,120644,120.644,-0.148,,"120644,1857,1.497,-0.148,-349604,NA"
2026-03-23T21:14:05,122098,122.098,-0.148,,"122098,1857,1.497,-0.148,-349657,NA"
2026-03-23T21:14:07,123716,123.716,-0.147,,"123716,1857,1.497,-0.147,-349542,NA"
2026-03-23T21:14:09,125341,125.341,-0.147,,"125341,1857,1.497,-0.147,-349597,NA"
2026-03-23T21:14:09,126167,126.167,-0.148,,"126167,1857,1.497,-0.148,-349606,NA"
2026-03-23T21:14:10,126443,126.443,-0.146,,"126443,1857,1.497,-0.146,-349630,NA"
2026-03-23T21:14:11,128067,128.067,-0.143,,"128067,1857,1.497,-0.143,-349584,NA"
2026-03-23T21:14:13,129593,129.593,-0.145,,"129593,1857,1.497,-0.145,-349550,NA"
2026-03-23T21:14:13,129848,129.848,-0.145,,"129848,1857,1.497,-0.145,-349620,NA"
2026-03-23T21:14:14,130314,130.314,-0.147,,"130314,1857,1.497,-0.147,-349571,NA"
2026-03-23T21:14:14,131068,131.068,-0.15,,"131068,1857,1.497,-0.150,-349667,NA"
2026-03-23T21:14:15,131342,131.342,-0.155,,"131342,1857,1.497,-0.155,-349625,NA"
2026-03-23T21:14:15,132075,132.075,-0.158,,"132075,1857,1.497,-0.158,-349650,NA"
2026-03-23T21:14:17,133586,133.586,-0.157,,"133586,1857,1.497,-0.157,-349608,NA"
2026-03-23T21:14:18,135023,135.023,-0.157,,"135023,1857,1.497,-0.157,-349657,NA"
2026-03-23T21:14:20,136518,136.518,-0.16,,"136518,1857,1.497,-0.160,-349682,NA"
2026-03-23T21:14:22,138300,138.3,-0.16,,"138300,1857,1.497,-0.160,-349585,NA"
2026-03-23T21:14:23,139993,139.993,-0.158,,"139993,1857,1.497,-0.158,-349599,NA"
2026-03-23T21:14:25,141649,141.649,-0.159,,"141649,1857,1.497,-0.159,-349669,NA"
2026-03-23T21:14:25,141766,141.766,-0.161,,"141766,1857,1.497,-0.161,-349606,NA"
2026-03-23T21:14:25,141867,141.867,-0.16,,"141867,1857,1.497,-0.160,-349555,NA"
2026-03-23T21:14:25,141987,141.987,-0.159,,"141987,1857,1.497,-0.159,-349606,NA"
2026-03-23T21:14:25,142126,142.126,-0.158,,"142126,1857,1.497,-0.158,-349631,NA"
2026-03-23T21:14:26,142246,142.246,-0.157,,"142246,1857,1.497,-0.157,-349607,NA"
2026-03-23T21:14:26,142347,142.347,-0.156,,"142347,1857,1.497,-0.156,-349627,NA"
2026-03-23T21:14:26,142486,142.486,-0.153,,"142486,1857,1.497,-0.153,-349550,NA"
2026-03-23T21:14:26,142606,142.606,-0.148,,"142606,1857,1.497,-0.148,-349616,NA"
2026-03-23T21:14:26,142707,142.707,-0.146,,"142707,1857,1.497,-0.146,-349568,NA"
2026-03-23T21:14:26,142827,142.827,-0.147,,"142827,1857,1.497,-0.147,-349564,NA"
2026-03-23T21:14:26,142966,142.966,-0.146,,"142966,1857,1.497,-0.146,-349685,NA"
2026-03-23T21:14:27,143067,143.067,-0.15,,"143067,1857,1.497,-0.150,-349589,NA"
2026-03-23T21:14:27,143187,143.187,-0.148,,"143187,1857,1.497,-0.148,-349566,NA"
2026-03-23T21:14:27,143326,143.326,-0.15,,"143326,1857,1.497,-0.150,-349599,NA"
2026-03-23T21:14:27,143446,143.446,-0.152,,"143446,1857,1.497,-0.152,-349535,NA"
2026-03-23T21:14:27,143547,143.547,-0.149,,"143547,1857,1.497,-0.149,-349499,NA"
2026-03-23T21:14:27,143667,143.667,-0.148,,"143667,1857,1.497,-0.148,-349521,NA"
2026-03-23T21:14:27,143806,143.806,-0.146,,"143806,1857,1.497,-0.146,-349577,NA"
2026-03-23T21:14:27,143907,143.907,-0.145,,"143907,1857,1.497,-0.145,-349573,NA"
2026-03-23T21:14:27,144027,144.027,-0.146,,"144027,1857,1.497,-0.146,-349593,NA"
2026-03-23T21:14:27,144166,144.166,-0.147,,"144166,1857,1.497,-0.147,-349595,NA"
2026-03-23T21:14:28,144286,144.286,-0.146,,"144286,1857,1.497,-0.146,-349593,NA"
2026-03-23T21:14:28,144387,144.387,-0.148,,"144387,1857,1.497,-0.148,-349535,NA"
2026-03-23T21:14:28,144507,144.507,-0.143,,"144507,1857,1.497,-0.143,-349539,NA"
2026-03-23T21:14:28,144646,144.646,-0.144,,"144646,1857,1.497,-0.144,-349573,NA"
2026-03-23T21:14:28,144747,144.747,-0.142,,"144747,1858,1.497,-0.142,-349607,NA"
2026-03-23T21:14:28,144867,144.867,-0.142,,"144867,1858,1.497,-0.142,-349528,NA"
2026-03-23T21:14:28,145006,145.006,-0.142,,"145006,1858,1.497,-0.142,-349574,NA"
2026-03-23T21:14:29,145126,145.126,-0.145,,"145126,1857,1.497,-0.145,-349580,NA"
2026-03-23T21:14:29,145227,145.227,-0.146,,"145227,1857,1.497,-0.146,-349625,NA"
2026-03-23T21:14:29,145347,145.347,-0.145,,"145347,1857,1.497,-0.145,-349598,NA"
2026-03-23T21:14:29,145486,145.486,-0.146,,"145486,1857,1.497,-0.146,-349642,NA"
2026-03-23T21:14:29,145587,145.587,-0.145,,"145587,1857,1.497,-0.145,-349643,NA"
2026-03-23T21:14:29,145707,145.707,-0.149,,"145707,1857,1.497,-0.149,-349613,NA"
2026-03-23T21:14:29,145846,145.846,-0.147,,"145846,1857,1.497,-0.147,-349594,NA"
2026-03-23T21:14:29,145966,145.966,-0.149,,"145966,1857,1.497,-0.149,-349566,NA"
2026-03-23T21:14:29,146067,146.067,-0.153,,"146067,1857,1.497,-0.153,-349562,NA"
2026-03-23T21:14:30,146187,146.187,-0.15,,"146187,1857,1.497,-0.150,-349570,NA"
2026-03-23T21:14:30,146326,146.326,-0.152,,"146326,1857,1.497,-0.152,-349578,NA"
2026-03-23T21:14:30,146427,146.427,-0.154,,"146427,1857,1.497,-0.154,-349528,NA"
2026-03-23T21:14:30,146547,146.547,-0.157,,"146547,1857,1.497,-0.157,-349570,NA"
2026-03-23T21:14:30,146686,146.686,-0.153,,"146686,1857,1.497,-0.153,-349536,NA"
2026-03-23T21:14:30,146787,146.787,-0.155,,"146787,1857,1.497,-0.155,-349528,NA"
2026-03-23T21:14:30,146907,146.907,-0.156,,"146907,1857,1.497,-0.156,-349535,NA"
2026-03-23T21:14:30,147046,147.046,-0.154,,"147046,1857,1.497,-0.154,-349601,NA"
2026-03-23T21:14:30,147166,147.166,-0.152,,"147166,1857,1.497,-0.152,-349612,NA"
2026-03-23T21:14:31,147267,147.267,-0.146,,"147267,1857,1.497,-0.146,-349612,NA"
2026-03-23T21:14:31,147387,147.387,-0.148,,"147387,1857,1.497,-0.148,-349585,NA"
2026-03-23T21:14:31,147526,147.526,-0.146,,"147526,1857,1.497,-0.146,-349561,NA"
2026-03-23T21:14:31,147627,147.627,-0.147,,"147627,1857,1.497,-0.147,-349611,NA"
2026-03-23T21:14:31,147747,147.747,-0.144,,"147747,1857,1.497,-0.144,-349581,NA"
2026-03-23T21:14:31,147886,147.886,-0.145,,"147886,1857,1.497,-0.145,-349556,NA"
2026-03-23T21:14:31,148006,148.006,-0.146,,"148006,1857,1.497,-0.146,-349546,NA"
2026-03-23T21:14:31,148107,148.107,-0.145,,"148107,1857,1.497,-0.145,-349583,NA"
2026-03-23T21:14:32,148227,148.227,-0.142,,"148227,1857,1.497,-0.142,-349609,NA"
2026-03-23T21:14:32,148366,148.366,-0.144,,"148366,1857,1.497,-0.144,-349580,NA"
2026-03-23T21:14:32,148467,148.467,-0.144,,"148467,1857,1.497,-0.144,-349569,NA"
2026-03-23T21:14:32,148587,148.587,-0.143,,"148587,1857,1.497,-0.143,-349585,NA"
2026-03-23T21:14:32,148726,148.726,-0.143,,"148726,1857,1.497,-0.143,-349542,NA"
2026-03-23T21:14:32,148846,148.846,-0.145,,"148846,1857,1.497,-0.145,-349528,NA"
2026-03-23T21:14:32,148947,148.947,-0.146,,"148947,1857,1.497,-0.146,-349528,NA"
2026-03-23T21:14:32,149067,149.067,-0.145,,"149067,1857,1.497,-0.145,-349554,NA"
2026-03-23T21:14:33,149206,149.206,-0.144,,"149206,1857,1.497,-0.144,-349554,NA"
2026-03-23T21:14:33,149307,149.307,-0.149,,"149307,1857,1.497,-0.149,-349597,NA"
2026-03-23T21:14:33,149427,149.427,-0.153,,"149427,1857,1.497,-0.153,-349653,NA"
2026-03-23T21:14:33,149566,149.566,-0.155,,"149566,1857,1.497,-0.155,-349665,NA"
2026-03-23T21:14:33,149686,149.686,-0.154,,"149686,1857,1.497,-0.154,-349570,NA"
2026-03-23T21:14:33,149787,149.787,-0.154,,"149787,1857,1.497,-0.154,-349525,NA"
2026-03-23T21:14:33,149907,149.907,-0.153,,"149907,1857,1.497,-0.153,-349540,NA"
2026-03-23T21:14:33,150046,150.046,-0.157,,"150046,1857,1.497,-0.157,-349598,NA"
2026-03-23T21:14:33,150147,150.147,-0.155,,"150147,1857,1.497,-0.155,-349629,NA"
2026-03-23T21:14:34,150267,150.267,-0.155,,"150267,1857,1.497,-0.155,-349656,NA"
2026-03-23T21:14:34,150406,150.406,-0.151,,"150406,1857,1.497,-0.151,-349515,NA"
2026-03-23T21:14:34,150507,150.507,-0.151,,"150507,1857,1.497,-0.151,-349562,NA"
2026-03-23T21:14:34,150627,150.627,-0.146,,"150627,1857,1.497,-0.146,-349569,NA"
2026-03-23T21:14:34,150766,150.766,-0.145,,"150766,1857,1.497,-0.145,-349561,NA"
2026-03-23T21:14:34,150886,150.886,-0.147,,"150886,1857,1.497,-0.147,-349586,NA"
2026-03-23T21:14:34,150987,150.987,-0.147,,"150987,1857,1.497,-0.147,-349615,NA"
2026-03-23T21:14:34,151107,151.107,-0.144,,"151107,1857,1.497,-0.144,-349558,NA"
2026-03-23T21:14:35,151246,151.246,-0.144,,"151246,1857,1.497,-0.144,-349579,NA"
2026-03-23T21:14:35,151347,151.347,-0.148,,"151347,1857,1.497,-0.148,-349598,NA"
2026-03-23T21:14:35,151467,151.467,-0.141,,"151467,1858,1.497,-0.141,-349596,NA"
2026-03-23T21:14:35,151606,151.606,-0.14,,"151606,1858,1.497,-0.140,-349494,NA"
2026-03-23T21:14:35,151726,151.726,-0.139,,"151726,1858,1.497,-0.139,-349565,NA"
2026-03-23T21:14:35,151827,151.827,-0.136,,"151827,1858,1.498,-0.136,-349618,NA"
2026-03-23T21:14:35,151947,151.947,-0.132,,"151947,1858,1.498,-0.132,-349577,NA"
2026-03-23T21:14:35,152086,152.086,-0.131,,"152086,1858,1.498,-0.131,-349577,NA"
2026-03-23T21:14:35,152187,152.187,-0.136,,"152187,1858,1.498,-0.136,-349533,NA"
2026-03-23T21:14:36,152307,152.307,-0.138,,"152307,1858,1.497,-0.138,-349534,NA"
2026-03-23T21:14:36,152446,152.446,-0.137,,"152446,1858,1.498,-0.137,-349545,NA"
2026-03-23T21:14:36,152566,152.566,-0.138,,"152566,1858,1.497,-0.138,-349564,NA"
2026-03-23T21:14:36,152667,152.667,-0.15,,"152667,1857,1.497,-0.150,-349605,NA"
2026-03-23T21:14:36,152787,152.787,-0.148,,"152787,1857,1.497,-0.148,-349571,NA"
2026-03-23T21:14:36,152926,152.926,-0.145,,"152926,1857,1.497,-0.145,-349570,NA"
2026-03-23T21:14:36,153027,153.027,-0.144,,"153027,1857,1.497,-0.144,-349536,NA"
2026-03-23T21:14:36,153147,153.147,-0.145,,"153147,1857,1.497,-0.145,-349531,NA"
2026-03-23T21:14:37,153286,153.286,-0.143,,"153286,1857,1.497,-0.143,-349567,NA"
2026-03-23T21:14:37,153406,153.406,-0.14,,"153406,1858,1.497,-0.140,-349531,NA"
2026-03-23T21:14:37,153507,153.507,-0.142,,"153507,1858,1.497,-0.142,-349501,NA"
2026-03-23T21:14:37,153627,153.627,-0.141,,"153627,1858,1.497,-0.141,-349545,NA"
2026-03-23T21:14:37,153766,153.766,-0.137,,"153766,1858,1.497,-0.137,-349551,NA"
2026-03-23T21:14:37,153867,153.867,-0.139,,"153867,1858,1.497,-0.139,-349551,NA"
2026-03-23T21:14:37,153987,153.987,-0.143,,"153987,1857,1.497,-0.143,-349538,NA"
2026-03-23T21:14:37,154126,154.126,-0.137,,"154126,1858,1.497,-0.137,-349648,NA"
2026-03-23T21:14:38,154246,154.246,-0.137,,"154246,1858,1.498,-0.137,-349585,NA"
2026-03-23T21:14:38,154347,154.347,-0.138,,"154347,1858,1.497,-0.138,-349553,NA"
2026-03-23T21:14:38,154467,154.467,-0.137,,"154467,1858,1.497,-0.137,-349597,NA"
2026-03-23T21:14:38,154606,154.606,-0.135,,"154606,1858,1.498,-0.135,-349565,NA"
2026-03-23T21:14:38,154707,154.707,-0.135,,"154707,1858,1.498,-0.135,-349516,NA"
2026-03-23T21:14:38,154827,154.827,-0.133,,"154827,1858,1.498,-0.133,-349571,NA"
2026-03-23T21:14:38,154966,154.966,-0.132,,"154966,1858,1.498,-0.132,-349599,NA"
2026-03-23T21:14:38,155067,155.067,-0.133,,"155067,1858,1.498,-0.133,-349603,NA"
2026-03-23T21:14:38,155187,155.187,-0.131,,"155187,1858,1.498,-0.131,-349586,NA"
2026-03-23T21:14:39,155326,155.326,-0.138,,"155326,1858,1.497,-0.138,-349568,NA"
2026-03-23T21:14:39,155446,155.446,-0.135,,"155446,1858,1.498,-0.135,-349651,NA"
2026-03-23T21:14:39,155547,155.547,-0.136,,"155547,1858,1.498,-0.136,-349610,NA"
2026-03-23T21:14:39,155667,155.667,-0.133,,"155667,1858,1.498,-0.133,-349633,NA"
2026-03-23T21:14:39,155806,155.806,-0.136,,"155806,1858,1.498,-0.136,-349591,NA"
2026-03-23T21:14:39,155907,155.907,-0.136,,"155907,1858,1.498,-0.136,-349582,NA"
2026-03-23T21:14:39,156027,156.027,-0.134,,"156027,1858,1.498,-0.134,-349520,NA"
2026-03-23T21:14:39,156166,156.166,-0.138,,"156166,1858,1.497,-0.138,-349576,NA"
2026-03-23T21:14:40,156286,156.286,-0.141,,"156286,1858,1.497,-0.141,-349621,NA"
2026-03-23T21:14:40,156387,156.387,-0.141,,"156387,1858,1.497,-0.141,-349571,NA"
2026-03-23T21:14:40,156507,156.507,-0.142,,"156507,1858,1.497,-0.142,-349537,NA"
2026-03-23T21:14:40,156646,156.646,-0.138,,"156646,1858,1.497,-0.138,-349521,NA"
2026-03-23T21:14:40,156747,156.747,-0.139,,"156747,1858,1.497,-0.139,-349593,NA"
2026-03-23T21:14:40,156867,156.867,-0.138,,"156867,1858,1.497,-0.138,-349603,NA"
2026-03-23T21:14:40,157006,157.006,-0.134,,"157006,1858,1.498,-0.134,-349529,NA"
2026-03-23T21:14:40,157126,157.126,-0.132,,"157126,1858,1.498,-0.132,-349581,NA"
2026-03-23T21:14:41,157227,157.227,-0.137,,"157227,1858,1.498,-0.137,-349639,NA"
2026-03-23T21:14:41,157347,157.347,-0.136,,"157347,1858,1.498,-0.136,-349621,NA"
2026-03-23T21:14:41,157486,157.486,-0.14,,"157486,1858,1.497,-0.140,-349603,NA"
2026-03-23T21:14:41,157587,157.587,-0.142,,"157587,1858,1.497,-0.142,-349591,NA"
2026-03-23T21:14:41,157707,157.707,-0.144,,"157707,1857,1.497,-0.144,-349561,NA"
2026-03-23T21:14:41,157846,157.846,-0.145,,"157846,1857,1.497,-0.145,-349525,NA"
2026-03-23T21:14:41,157966,157.966,-0.14,,"157966,1858,1.497,-0.140,-349503,NA"
2026-03-23T21:14:41,158067,158.067,-0.143,,"158067,1857,1.497,-0.143,-349542,NA"
2026-03-23T21:14:41,158187,158.187,-0.141,,"158187,1858,1.497,-0.141,-349524,NA"
2026-03-23T21:14:42,158326,158.326,-0.138,,"158326,1858,1.497,-0.138,-349576,NA"
2026-03-23T21:14:42,158427,158.427,-0.135,,"158427,1858,1.498,-0.135,-349559,NA"
2026-03-23T21:14:42,158547,158.547,-0.135,,"158547,1858,1.498,-0.135,-349548,NA"
2026-03-23T21:14:42,158686,158.686,-0.134,,"158686,1858,1.498,-0.134,-349597,NA"
2026-03-23T21:14:42,158787,158.787,-0.139,,"158787,1858,1.497,-0.139,-349583,NA"
2026-03-23T21:14:42,158907,158.907,-0.138,,"158907,1858,1.497,-0.138,-349552,NA"
2026-03-23T21:14:42,159046,159.046,-0.136,,"159046,1858,1.498,-0.136,-349578,NA"
2026-03-23T21:14:43,159166,159.166,-0.136,,"159166,1858,1.498,-0.136,-349593,NA"
2026-03-23T21:14:43,159267,159.267,-0.137,,"159267,1858,1.497,-0.137,-349546,NA"
2026-03-23T21:14:43,159387,159.387,-0.135,,"159387,1858,1.498,-0.135,-349534,NA"
2026-03-23T21:14:43,159526,159.526,-0.133,,"159526,1858,1.498,-0.133,-349539,NA"
2026-03-23T21:14:43,159627,159.627,-0.13,,"159627,1858,1.498,-0.130,-349533,NA"
2026-03-23T21:14:43,159747,159.747,-0.128,,"159747,1858,1.498,-0.128,-349567,NA"
2026-03-23T21:14:43,159886,159.886,-0.126,,"159886,1858,1.498,-0.126,-349618,NA"
2026-03-23T21:14:43,160006,160.006,-0.125,,"160006,1858,1.498,-0.125,-349645,NA"
2026-03-23T21:14:43,160107,160.107,-0.124,,"160107,1858,1.498,-0.124,-349602,NA"
2026-03-23T21:14:44,160227,160.227,-0.123,,"160227,1858,1.498,-0.123,-349557,NA"
2026-03-23T21:14:44,160366,160.366,-0.121,,"160366,1859,1.498,-0.121,-349588,NA"
2026-03-23T21:14:44,160467,160.467,-0.116,,"160467,1859,1.498,-0.116,-349571,NA"
2026-03-23T21:14:44,160587,160.587,-0.116,,"160587,1859,1.498,-0.116,-349530,NA"
2026-03-23T21:14:44,160726,160.726,-0.112,,"160726,1859,1.499,-0.112,-349584,NA"
2026-03-23T21:14:44,160846,160.846,-0.113,,"160846,1859,1.498,-0.113,-349590,NA"
2026-03-23T21:14:44,160947,160.947,-0.112,,"160947,1859,1.499,-0.112,-349613,NA"
2026-03-23T21:14:44,161067,161.067,-0.115,,"161067,1859,1.498,-0.115,-349523,NA"
2026-03-23T21:14:45,161206,161.206,-0.115,,"161206,1859,1.498,-0.115,-349612,NA"
2026-03-23T21:14:45,161307,161.307,-0.117,,"161307,1859,1.498,-0.117,-349550,NA"
2026-03-23T21:14:45,161427,161.427,-0.12,,"161427,1859,1.498,-0.120,-349557,NA"
2026-03-23T21:14:45,161566,161.566,-0.116,,"161566,1859,1.498,-0.116,-349616,NA"
2026-03-23T21:14:45,161686,161.686,-0.116,,"161686,1859,1.498,-0.116,-349594,NA"
2026-03-23T21:14:45,161787,161.787,-0.114,,"161787,1859,1.498,-0.114,-349651,NA"
2026-03-23T21:14:45,161907,161.907,-0.113,,"161907,1859,1.498,-0.113,-349649,NA"
2026-03-23T21:14:45,162046,162.046,-0.112,,"162046,1859,1.499,-0.112,-349543,NA"
2026-03-23T21:14:45,162147,162.147,-0.111,,"162147,1859,1.499,-0.111,-349549,NA"
2026-03-23T21:14:46,162267,162.267,-0.108,,"162267,1859,1.499,-0.108,-349554,NA"
2026-03-23T21:14:46,162406,162.406,-0.108,,"162406,1859,1.499,-0.108,-349551,NA"
2026-03-23T21:14:46,162526,162.526,-0.114,,"162526,1859,1.498,-0.114,-349626,NA"
2026-03-23T21:14:46,162627,162.627,-0.116,,"162627,1859,1.498,-0.116,-349663,NA"
2026-03-23T21:14:46,162766,162.766,-0.121,,"162766,1859,1.498,-0.121,-349564,NA"
2026-03-23T21:14:46,162886,162.886,-0.119,,"162886,1859,1.498,-0.119,-349548,NA"
2026-03-23T21:14:46,162987,162.987,-0.118,,"162987,1859,1.498,-0.118,-349581,NA"
2026-03-23T21:14:46,163107,163.107,-0.112,,"163107,1859,1.499,-0.112,-349614,NA"
2026-03-23T21:14:47,163246,163.246,-0.109,,"163246,1859,1.499,-0.109,-349520,NA"
2026-03-23T21:14:47,163347,163.347,-0.105,,"163347,1859,1.499,-0.105,-349523,NA"
2026-03-23T21:14:47,163467,163.467,-0.106,,"163467,1859,1.499,-0.106,-349527,NA"
2026-03-23T21:14:47,163606,163.606,-0.105,,"163606,1859,1.499,-0.105,-349521,NA"
2026-03-23T21:14:47,163726,163.726,-0.104,,"163726,1859,1.499,-0.104,-349496,NA"
2026-03-23T21:14:47,163827,163.827,-0.107,,"163827,1859,1.499,-0.107,-349572,NA"
2026-03-23T21:14:47,163947,163.947,-0.113,,"163947,1859,1.498,-0.113,-349613,NA"
2026-03-23T21:14:47,164086,164.086,-0.114,,"164086,1859,1.498,-0.114,-349616,NA"
2026-03-23T21:14:48,164187,164.187,-0.114,,"164187,1859,1.498,-0.114,-349620,NA"
2026-03-23T21:14:48,164307,164.307,-0.114,,"164307,1859,1.498,-0.114,-349619,NA"
2026-03-23T21:14:48,164446,164.446,-0.111,,"164446,1859,1.499,-0.111,-349620,NA"
2026-03-23T21:14:48,164566,164.566,-0.112,,"164566,1859,1.498,-0.112,-349568,NA"
2026-03-23T21:14:48,164667,164.667,-0.111,,"164667,1859,1.499,-0.111,-349559,NA"
2026-03-23T21:14:48,164787,164.787,-0.111,,"164787,1859,1.499,-0.111,-349601,NA"
2026-03-23T21:14:48,164926,164.926,-0.108,,"164926,1859,1.499,-0.108,-349584,NA"
2026-03-23T21:14:48,165027,165.027,-0.112,,"165027,1859,1.499,-0.112,-349553,NA"
2026-03-23T21:14:48,165147,165.147,-0.113,,"165147,1859,1.498,-0.113,-349517,NA"
2026-03-23T21:14:49,165286,165.286,-0.114,,"165286,1859,1.498,-0.114,-349534,NA"
2026-03-23T21:14:49,165406,165.406,-0.114,,"165406,1859,1.498,-0.114,-349576,NA"
2026-03-23T21:14:49,165507,165.507,-0.113,,"165507,1859,1.498,-0.113,-349615,NA"
2026-03-23T21:14:49,165627,165.627,-0.115,,"165627,1859,1.498,-0.115,-349604,NA"
2026-03-23T21:14:49,165766,165.766,-0.115,,"165766,1859,1.498,-0.115,-349558,NA"
2026-03-23T21:14:49,165867,165.867,-0.115,,"165867,1859,1.498,-0.115,-349582,NA"
2026-03-23T21:14:49,165987,165.987,-0.113,,"165987,1859,1.498,-0.113,-349588,NA"
2026-03-23T21:14:49,166126,166.126,-0.112,,"166126,1859,1.499,-0.112,-349531,NA"
2026-03-23T21:14:50,166246,166.246,-0.112,,"166246,1859,1.498,-0.112,-349597,NA"
2026-03-23T21:14:50,166347,166.347,-0.108,,"166347,1859,1.499,-0.108,-349661,NA"
2026-03-23T21:14:50,166467,166.467,-0.108,,"166467,1859,1.499,-0.108,-349613,NA"
2026-03-23T21:14:50,166606,166.606,-0.111,,"166606,1859,1.499,-0.111,-349635,NA"
2026-03-23T21:14:50,166707,166.707,-0.11,,"166707,1859,1.499,-0.110,-349640,NA"
2026-03-23T21:14:50,166827,166.827,-0.111,,"166827,1859,1.499,-0.111,-349594,NA"
2026-03-23T21:14:50,166966,166.966,-0.111,,"166966,1859,1.499,-0.111,-349584,NA"
2026-03-23T21:14:50,167067,167.067,-0.112,,"167067,1859,1.499,-0.112,-349539,NA"
2026-03-23T21:14:51,167187,167.187,-0.116,,"167187,1859,1.498,-0.116,-349603,NA"
2026-03-23T21:14:51,167326,167.326,-0.114,,"167326,1859,1.498,-0.114,-349643,NA"
2026-03-23T21:14:51,167446,167.446,-0.113,,"167446,1859,1.498,-0.113,-349615,NA"
2026-03-23T21:14:51,167547,167.547,-0.115,,"167547,1859,1.498,-0.115,-349646,NA"
2026-03-23T21:14:51,167667,167.667,-0.114,,"167667,1859,1.498,-0.114,-349622,NA"
2026-03-23T21:14:51,167806,167.806,-0.112,,"167806,1859,1.498,-0.112,-349569,NA"
2026-03-23T21:14:51,167907,167.907,-0.115,,"167907,1859,1.498,-0.115,-349601,NA"
2026-03-23T21:14:51,168027,168.027,-0.113,,"168027,1859,1.498,-0.113,-349550,NA"
2026-03-23T21:14:51,168166,168.166,-0.116,,"168166,1859,1.498,-0.116,-349553,NA"
2026-03-23T21:14:52,168286,168.286,-0.115,,"168286,1859,1.498,-0.115,-349509,NA"
2026-03-23T21:14:52,168387,168.387,-0.117,,"168387,1859,1.498,-0.117,-349579,NA"
2026-03-23T21:14:52,168507,168.507,-0.122,,"168507,1859,1.498,-0.122,-349603,NA"
2026-03-23T21:14:52,168646,168.646,-0.122,,"168646,1859,1.498,-0.122,-349591,NA"
2026-03-23T21:14:52,168747,168.747,-0.122,,"168747,1859,1.498,-0.122,-349571,NA"
2026-03-23T21:14:52,168847,168.847,-0.122,,"168847,1859,1.498,-0.122,-349571,NA"
2026-03-23T21:14:52,168947,168.947,-0.12,,"168947,1859,1.498,-0.120,-349570,NA"
2026-03-23T21:14:52,169067,169.067,-0.119,,"169067,1859,1.498,-0.119,-349605,NA"
2026-03-23T21:14:53,169206,169.206,-0.118,,"169206,1859,1.498,-0.118,-349630,NA"
2026-03-23T21:14:53,169307,169.307,-0.123,,"169307,1858,1.498,-0.123,-349572,NA"
2026-03-23T21:14:53,169427,169.427,-0.122,,"169427,1858,1.498,-0.122,-349560,NA"
2026-03-23T21:14:53,169566,169.566,-0.124,,"169566,1858,1.498,-0.124,-349576,NA"
2026-03-23T21:14:53,169686,169.686,-0.124,,"169686,1858,1.498,-0.124,-349528,NA"
2026-03-23T21:14:53,169787,169.787,-0.127,,"169787,1858,1.498,-0.127,-349549,NA"
2026-03-23T21:14:53,169907,169.907,-0.124,,"169907,1858,1.498,-0.124,-349584,NA"
2026-03-23T21:14:53,170046,170.046,-0.123,,"170046,1858,1.498,-0.123,-349570,NA"
2026-03-23T21:14:53,170147,170.147,-0.123,,"170147,1858,1.498,-0.123,-349610,NA"
2026-03-23T21:14:54,170267,170.267,-0.124,,"170267,1858,1.498,-0.124,-349599,NA"
2026-03-23T21:14:54,170406,170.406,-0.125,,"170406,1858,1.498,-0.125,-349585,NA"
2026-03-23T21:14:54,170526,170.526,-0.125,,"170526,1858,1.498,-0.125,-349619,NA"
2026-03-23T21:14:54,170627,170.627,-0.126,,"170627,1858,1.498,-0.126,-349582,NA"
2026-03-23T21:14:54,170747,170.747,-0.13,,"170747,1858,1.498,-0.130,-349570,NA"
2026-03-23T21:14:54,170886,170.886,-0.132,,"170886,1858,1.498,-0.132,-349551,NA"
2026-03-23T21:14:54,170987,170.987,-0.136,,"170987,1858,1.498,-0.136,-349535,NA"
2026-03-23T21:14:54,171107,171.107,-0.138,,"171107,1858,1.497,-0.138,-349551,NA"
2026-03-23T21:14:55,171246,171.246,-0.135,,"171246,1858,1.498,-0.135,-349579,NA"
2026-03-23T21:14:55,171347,171.347,-0.135,,"171347,1858,1.498,-0.135,-349516,NA"
2026-03-23T21:14:55,171467,171.467,-0.133,,"171467,1858,1.498,-0.133,-349496,NA"
2026-03-23T21:14:55,171606,171.606,-0.132,,"171606,1858,1.498,-0.132,-349600,NA"
2026-03-23T21:14:55,171726,171.726,-0.133,,"171726,1858,1.498,-0.133,-349560,NA"
2026-03-23T21:14:55,171827,171.827,-0.136,,"171827,1858,1.498,-0.136,-349568,NA"
2026-03-23T21:14:55,171947,171.947,-0.132,,"171947,1858,1.498,-0.132,-349581,NA"
2026-03-23T21:14:55,172086,172.086,-0.131,,"172086,1858,1.498,-0.131,-349616,NA"
2026-03-23T21:14:55,172187,172.187,-0.132,,"172187,1858,1.498,-0.132,-349621,NA"
2026-03-23T21:14:56,172307,172.307,-0.134,,"172307,1858,1.498,-0.134,-349573,NA"
2026-03-23T21:14:56,172446,172.446,-0.13,,"172446,1858,1.498,-0.130,-349560,NA"
2026-03-23T21:14:56,172566,172.566,-0.128,,"172566,1858,1.498,-0.128,-349562,NA"
2026-03-23T21:14:56,172667,172.667,-0.128,,"172667,1858,1.498,-0.128,-349577,NA"
2026-03-23T21:14:56,172787,172.787,-0.126,,"172787,1858,1.498,-0.126,-349600,NA"
2026-03-23T21:14:56,172926,172.926,-0.123,,"172926,1858,1.498,-0.123,-349575,NA"
2026-03-23T21:14:56,173027,173.027,-0.123,,"173027,1858,1.498,-0.123,-349576,NA"
2026-03-23T21:14:56,173147,173.147,-0.124,,"173147,1858,1.498,-0.124,-349605,NA"
2026-03-23T21:14:57,173286,173.286,-0.122,,"173286,1859,1.498,-0.122,-349558,NA"
2026-03-23T21:14:57,173406,173.406,-0.12,,"173406,1859,1.498,-0.120,-349557,NA"
2026-03-23T21:14:57,173507,173.507,-0.117,,"173507,1859,1.498,-0.117,-349637,NA"
2026-03-23T21:14:57,173627,173.627,-0.12,,"173627,1859,1.498,-0.120,-349584,NA"
2026-03-23T21:14:57,173766,173.766,-0.121,,"173766,1859,1.498,-0.121,-349553,NA"
2026-03-23T21:14:57,173867,173.867,-0.119,,"173867,1859,1.498,-0.119,-349605,NA"
2026-03-23T21:14:57,173987,173.987,-0.124,,"173987,1858,1.498,-0.124,-349636,NA"
2026-03-23T21:14:57,174126,174.126,-0.125,,"174126,1858,1.498,-0.125,-349558,NA"
2026-03-23T21:14:58,174246,174.246,-0.124,,"174246,1858,1.498,-0.124,-349519,NA"
2026-03-23T21:14:58,174347,174.347,-0.125,,"174347,1858,1.498,-0.125,-349622,NA"
2026-03-23T21:14:58,174467,174.467,-0.128,,"174467,1858,1.498,-0.128,-349633,NA"
2026-03-23T21:14:58,174606,174.606,-0.128,,"174606,1858,1.498,-0.128,-349594,NA"
2026-03-23T21:14:58,174707,174.707,-0.128,,"174707,1858,1.498,-0.128,-349607,NA"
2026-03-23T21:14:58,174827,174.827,-0.128,,"174827,1858,1.498,-0.128,-349552,NA"
2026-03-23T21:14:58,174966,174.966,-0.13,,"174966,1858,1.498,-0.130,-349607,NA"
2026-03-23T21:14:58,175067,175.067,-0.13,,"175067,1858,1.498,-0.130,-349592,NA"
2026-03-23T21:14:58,175187,175.187,-0.128,,"175187,1858,1.498,-0.128,-349548,NA"
2026-03-23T21:14:59,175326,175.326,-0.13,,"175326,1858,1.498,-0.130,-349615,NA"
2026-03-23T21:14:59,175446,175.446,-0.129,,"175446,1858,1.498,-0.129,-349662,NA"
2026-03-23T21:14:59,175547,175.547,-0.129,,"175547,1858,1.498,-0.129,-349619,NA"
2026-03-23T21:14:59,175667,175.667,-0.131,,"175667,1858,1.498,-0.131,-349538,NA"
2026-03-23T21:14:59,175806,175.806,-0.128,,"175806,1858,1.498,-0.128,-349562,NA"
2026-03-23T21:14:59,175907,175.907,-0.13,,"175907,1858,1.498,-0.130,-349605,NA"
2026-03-23T21:14:59,176027,176.027,-0.134,,"176027,1858,1.498,-0.134,-349613,NA"
2026-03-23T21:14:59,176166,176.166,-0.134,,"176166,1858,1.498,-0.134,-349583,NA"
2026-03-23T21:15:00,176286,176.286,-0.138,,"176286,1858,1.497,-0.138,-349620,NA"
2026-03-23T21:15:00,176387,176.387,-0.134,,"176387,1858,1.498,-0.134,-349612,NA"
2026-03-23T21:15:00,176507,176.507,-0.134,,"176507,1858,1.498,-0.134,-349617,NA"
2026-03-23T21:15:00,176646,176.646,-0.136,,"176646,1858,1.498,-0.136,-349606,NA"
2026-03-23T21:15:00,176747,176.747,-0.14,,"176747,1858,1.497,-0.140,-349601,NA"
2026-03-23T21:15:00,176867,176.867,-0.14,,"176867,1858,1.497,-0.140,-349584,NA"
2026-03-23T21:15:00,177006,177.006,-0.145,,"177006,1857,1.497,-0.145,-349591,NA"
2026-03-23T21:15:00,177126,177.126,-0.146,,"177126,1857,1.497,-0.146,-349628,NA"
2026-03-23T21:15:01,177227,177.227,-0.147,,"177227,1857,1.497,-0.147,-349610,NA"
2026-03-23T21:15:01,177347,177.347,-0.145,,"177347,1857,1.497,-0.145,-349636,NA"
2026-03-23T21:15:01,177486,177.486,-0.146,,"177486,1857,1.497,-0.146,-349625,NA"
2026-03-23T21:15:01,177587,177.587,-0.147,,"177587,1857,1.497,-0.147,-349658,NA"
2026-03-23T21:15:01,177707,177.707,-0.146,,"177707,1857,1.497,-0.146,-349601,NA"
2026-03-23T21:15:01,177846,177.846,-0.145,,"177846,1857,1.497,-0.145,-349677,NA"
2026-03-23T21:15:01,177966,177.966,-0.144,,"177966,1857,1.497,-0.144,-349674,NA"
2026-03-23T21:15:01,178067,178.067,-0.142,,"178067,1858,1.497,-0.142,-349580,NA"
2026-03-23T21:15:01,178187,178.187,-0.14,,"178187,1858,1.497,-0.140,-349622,NA"
2026-03-23T21:15:02,178326,178.326,-0.142,,"178326,1858,1.497,-0.142,-349575,NA"
2026-03-23T21:15:02,178427,178.427,-0.14,,"178427,1858,1.497,-0.140,-349587,NA"
2026-03-23T21:15:02,178547,178.547,-0.139,,"178547,1858,1.497,-0.139,-349571,NA"
2026-03-23T21:15:02,178686,178.686,-0.14,,"178686,1858,1.497,-0.140,-349628,NA"
2026-03-23T21:15:02,178806,178.806,-0.137,,"178806,1858,1.498,-0.137,-349605,NA"
2026-03-23T21:15:02,178907,178.907,-0.143,,"178907,1857,1.497,-0.143,-349623,NA"
2026-03-23T21:15:02,179027,179.027,-0.141,,"179027,1858,1.497,-0.141,-349633,NA"
2026-03-23T21:15:02,179166,179.166,-0.14,,"179166,1858,1.497,-0.140,-349615,NA"
2026-03-23T21:15:03,179267,179.267,-0.139,,"179267,1858,1.497,-0.139,-349674,NA"
2026-03-23T21:15:03,179387,179.387,-0.138,,"179387,1858,1.497,-0.138,-349633,NA"
2026-03-23T21:15:03,179526,179.526,-0.135,,"179526,1858,1.498,-0.135,-349672,NA"
2026-03-23T21:15:03,179627,179.627,-0.137,,"179627,1858,1.497,-0.137,-349562,NA"
2026-03-23T21:15:03,179747,179.747,-0.135,,"179747,1858,1.498,-0.135,-349528,NA"
2026-03-23T21:15:03,179886,179.886,-0.135,,"179886,1858,1.498,-0.135,-349546,NA"
2026-03-23T21:15:03,180006,180.006,-0.129,,"180006,1858,1.498,-0.129,-349592,NA"
2026-03-23T21:15:03,180107,180.107,-0.13,,"180107,1858,1.498,-0.130,-349609,NA"
2026-03-23T21:15:04,180227,180.227,-0.131,,"180227,1858,1.498,-0.131,-349612,NA"
2026-03-23T21:15:04,180366,180.366,-0.129,,"180366,1858,1.498,-0.129,-349662,NA"
2026-03-23T21:15:04,180467,180.467,-0.129,,"180467,1858,1.498,-0.129,-349614,NA"
2026-03-23T21:15:04,180587,180.587,-0.127,,"180587,1858,1.498,-0.127,-349554,NA"
2026-03-23T21:15:04,180726,180.726,-0.128,,"180726,1858,1.498,-0.128,-349570,NA"
2026-03-23T21:15:04,180846,180.846,-0.128,,"180846,1858,1.498,-0.128,-349605,NA"
2026-03-23T21:15:04,180947,180.947,-0.131,,"180947,1858,1.498,-0.131,-349574,NA"
2026-03-23T21:15:04,181067,181.067,-0.133,,"181067,1858,1.498,-0.133,-349631,NA"
2026-03-23T21:15:05,181206,181.206,-0.131,,"181206,1858,1.498,-0.131,-349563,NA"
2026-03-23T21:15:05,181307,181.307,-0.131,,"181307,1858,1.498,-0.131,-349557,NA"
2026-03-23T21:15:05,181427,181.427,-0.132,,"181427,1858,1.498,-0.132,-349571,NA"
2026-03-23T21:15:05,181566,181.566,-0.133,,"181566,1858,1.498,-0.133,-349620,NA"
2026-03-23T21:15:05,181686,181.686,-0.135,,"181686,1858,1.498,-0.135,-349603,NA"
2026-03-23T21:15:05,181787,181.787,-0.132,,"181787,1858,1.498,-0.132,-349595,NA"
2026-03-23T21:15:05,181907,181.907,-0.131,,"181907,1858,1.498,-0.131,-349658,NA"
2026-03-23T21:15:05,182046,182.046,-0.128,,"182046,1858,1.498,-0.128,-349586,NA"
2026-03-23T21:15:05,182147,182.147,-0.127,,"182147,1858,1.498,-0.127,-349556,NA"
2026-03-23T21:15:06,182267,182.267,-0.129,,"182267,1858,1.498,-0.129,-349588,NA"
2026-03-23T21:15:06,182406,182.406,-0.129,,"182406,1858,1.498,-0.129,-349587,NA"
2026-03-23T21:15:06,182526,182.526,-0.129,,"182526,1858,1.498,-0.129,-349573,NA"
2026-03-23T21:15:06,182627,182.627,-0.131,,"182627,1858,1.498,-0.131,-349629,NA"
2026-03-23T21:15:06,182747,182.747,-0.128,,"182747,1858,1.498,-0.128,-349581,NA"
2026-03-23T21:15:06,182886,182.886,-0.128,,"182886,1858,1.498,-0.128,-349593,NA"
2026-03-23T21:15:06,182987,182.987,-0.129,,"182987,1858,1.498,-0.129,-349634,NA"
2026-03-23T21:15:06,183107,183.107,-0.128,,"183107,1858,1.498,-0.128,-349619,NA"
2026-03-23T21:15:07,183246,183.246,-0.125,,"183246,1858,1.498,-0.125,-349583,NA"
2026-03-23T21:15:07,183347,183.347,-0.124,,"183347,1858,1.498,-0.124,-349608,NA"
2026-03-23T21:15:07,183467,183.467,-0.126,,"183467,1858,1.498,-0.126,-349661,NA"
2026-03-23T21:15:07,183606,183.606,-0.125,,"183606,1858,1.498,-0.125,-349591,NA"
2026-03-23T21:15:07,183726,183.726,-0.122,,"183726,1858,1.498,-0.122,-349569,NA"
2026-03-23T21:15:07,183827,183.827,-0.122,,"183827,1858,1.498,-0.122,-349521,NA"
2026-03-23T21:15:07,183947,183.947,-0.122,,"183947,1858,1.498,-0.122,-349566,NA"
2026-03-23T21:15:07,184086,184.086,-0.122,,"184086,1858,1.498,-0.122,-349567,NA"
2026-03-23T21:15:07,184187,184.187,-0.127,,"184187,1858,1.498,-0.127,-349498,NA"
2026-03-23T21:15:08,184307,184.307,-0.124,,"184307,1858,1.498,-0.124,-349530,NA"
2026-03-23T21:15:08,184446,184.446,-0.127,,"184446,1858,1.498,-0.127,-349556,NA"
2026-03-23T21:15:08,184566,184.566,-0.126,,"184566,1858,1.498,-0.126,-349568,NA"
2026-03-23T21:15:08,184667,184.667,-0.123,,"184667,1858,1.498,-0.123,-349573,NA"
2026-03-23T21:15:08,184787,184.787,-0.123,,"184787,1858,1.498,-0.123,-349605,NA"
2026-03-23T21:15:08,184926,184.926,-0.126,,"184926,1858,1.498,-0.126,-349650,NA"
2026-03-23T21:15:08,185027,185.027,-0.121,,"185027,1859,1.498,-0.121,-349622,NA"
2026-03-23T21:15:08,185147,185.147,-0.118,,"185147,1859,1.498,-0.118,-349570,NA"
2026-03-23T21:15:09,185286,185.286,-0.119,,"185286,1859,1.498,-0.119,-349599,NA"
2026-03-23T21:15:09,185406,185.406,-0.12,,"185406,1859,1.498,-0.120,-349604,NA"
2026-03-23T21:15:09,185507,185.507,-0.122,,"185507,1859,1.498,-0.122,-349621,NA"
2026-03-23T21:15:09,185627,185.627,-0.126,,"185627,1858,1.498,-0.126,-349654,NA"
2026-03-23T21:15:09,185766,185.766,-0.126,,"185766,1858,1.498,-0.126,-349613,NA"
2026-03-23T21:15:09,185867,185.867,-0.127,,"185867,1858,1.498,-0.127,-349664,NA"
2026-03-23T21:15:09,185987,185.987,-0.126,,"185987,1858,1.498,-0.126,-349666,NA"
2026-03-23T21:15:09,186126,186.126,-0.126,,"186126,1858,1.498,-0.126,-349627,NA"
2026-03-23T21:15:10,186246,186.246,-0.128,,"186246,1858,1.498,-0.128,-349578,NA"
2026-03-23T21:15:10,186347,186.347,-0.13,,"186347,1858,1.498,-0.130,-349631,NA"
2026-03-23T21:15:10,186467,186.467,-0.13,,"186467,1858,1.498,-0.130,-349593,NA"
2026-03-23T21:15:10,186606,186.606,-0.128,,"186606,1858,1.498,-0.128,-349646,NA"
2026-03-23T21:15:10,186707,186.707,-0.133,,"186707,1858,1.498,-0.133,-349686,NA"
2026-03-23T21:15:10,186827,186.827,-0.134,,"186827,1858,1.498,-0.134,-349641,NA"
2026-03-23T21:15:10,186966,186.966,-0.132,,"186966,1858,1.498,-0.132,-349578,NA"
2026-03-23T21:15:10,187086,187.086,-0.129,,"187086,1858,1.498,-0.129,-349628,NA"
2026-03-23T21:15:10,187187,187.187,-0.129,,"187187,1858,1.498,-0.129,-349644,NA"
2026-03-23T21:15:11,187326,187.326,-0.127,,"187326,1858,1.498,-0.127,-349563,NA"
2026-03-23T21:15:11,187446,187.446,-0.128,,"187446,1858,1.498,-0.128,-349545,NA"
2026-03-23T21:15:11,187547,187.547,-0.131,,"187547,1858,1.498,-0.131,-349565,NA"
2026-03-23T21:15:11,187667,187.667,-0.129,,"187667,1858,1.498,-0.129,-349557,NA"
2026-03-23T21:15:11,187806,187.806,-0.129,,"187806,1858,1.498,-0.129,-349553,NA"
2026-03-23T21:15:11,187907,187.907,-0.131,,"187907,1858,1.498,-0.131,-349587,NA"
2026-03-23T21:15:11,188027,188.027,-0.134,,"188027,1858,1.498,-0.134,-349594,NA"
2026-03-23T21:15:11,188166,188.166,-0.131,,"188166,1858,1.498,-0.131,-349582,NA"
2026-03-23T21:15:12,188286,188.286,-0.13,,"188286,1858,1.498,-0.130,-349594,NA"
2026-03-23T21:15:12,188387,188.387,-0.128,,"188387,1858,1.498,-0.128,-349606,NA"
2026-03-23T21:15:12,188507,188.507,-0.128,,"188507,1858,1.498,-0.128,-349629,NA"
2026-03-23T21:15:12,188646,188.646,-0.127,,"188646,1858,1.498,-0.127,-349581,NA"
2026-03-23T21:15:12,188747,188.747,-0.127,,"188747,1858,1.498,-0.127,-349634,NA"
2026-03-23T21:15:12,188867,188.867,-0.129,,"188867,1858,1.498,-0.129,-349641,NA"
2026-03-23T21:15:12,189006,189.006,-0.127,,"189006,1858,1.498,-0.127,-349559,NA"
2026-03-23T21:15:12,189126,189.126,-0.124,,"189126,1858,1.498,-0.124,-349548,NA"
2026-03-23T21:15:13,189227,189.227,-0.12,,"189227,1859,1.498,-0.120,-349626,NA"
2026-03-23T21:15:13,189347,189.347,-0.123,,"189347,1858,1.498,-0.123,-349638,NA"
2026-03-23T21:15:13,189486,189.486,-0.119,,"189486,1859,1.498,-0.119,-349657,NA"
2026-03-23T21:15:13,189587,189.587,-0.12,,"189587,1859,1.498,-0.120,-349671,NA"
2026-03-23T21:15:13,189707,189.707,-0.117,,"189707,1859,1.498,-0.117,-349626,NA"
2026-03-23T21:15:13,189846,189.846,-0.116,,"189846,1859,1.498,-0.116,-349585,NA"
2026-03-23T21:15:13,189966,189.966,-0.116,,"189966,1859,1.498,-0.116,-349619,NA"
2026-03-23T21:15:13,190067,190.067,-0.116,,"190067,1859,1.498,-0.116,-349629,NA"
2026-03-23T21:15:13,190187,190.187,-0.116,,"190187,1859,1.498,-0.116,-349589,NA"
2026-03-23T21:15:14,190326,190.326,-0.112,,"190326,1859,1.499,-0.112,-349608,NA"
2026-03-23T21:15:14,190427,190.427,-0.113,,"190427,1859,1.498,-0.113,-349596,NA"
2026-03-23T21:15:14,190547,190.547,-0.114,,"190547,1859,1.498,-0.114,-349597,NA"
2026-03-23T21:15:14,190686,190.686,-0.118,,"190686,1859,1.498,-0.118,-349562,NA"
2026-03-23T21:15:14,190806,190.806,-0.121,,"190806,1859,1.498,-0.121,-349618,NA"
2026-03-23T21:15:14,190907,190.907,-0.124,,"190907,1858,1.498,-0.124,-349611,NA"
2026-03-23T21:15:14,191027,191.027,-0.126,,"191027,1858,1.498,-0.126,-349609,NA"
2026-03-23T21:15:14,191166,191.166,-0.125,,"191166,1858,1.498,-0.125,-349599,NA"
2026-03-23T21:15:15,191267,191.267,-0.126,,"191267,1858,1.498,-0.126,-349507,NA"
2026-03-23T21:15:15,191387,191.387,-0.126,,"191387,1858,1.498,-0.126,-349617,NA"
2026-03-23T21:15:15,191526,191.526,-0.125,,"191526,1858,1.498,-0.125,-349600,NA"
2026-03-23T21:15:15,191627,191.627,-0.126,,"191627,1858,1.498,-0.126,-349604,NA"
2026-03-23T21:15:15,191747,191.747,-0.125,,"191747,1858,1.498,-0.125,-349602,NA"
2026-03-23T21:15:15,191886,191.886,-0.123,,"191886,1858,1.498,-0.123,-349658,NA"
2026-03-23T21:15:15,192006,192.006,-0.126,,"192006,1858,1.498,-0.126,-349653,NA"
2026-03-23T21:15:15,192107,192.107,-0.128,,"192107,1858,1.498,-0.128,-349605,NA"
2026-03-23T21:15:16,192227,192.227,-0.125,,"192227,1858,1.498,-0.125,-349631,NA"
2026-03-23T21:15:16,192366,192.366,-0.126,,"192366,1858,1.498,-0.126,-349625,NA"
2026-03-23T21:15:16,192467,192.467,-0.127,,"192467,1858,1.498,-0.127,-349691,NA"
2026-03-23T21:15:16,192587,192.587,-0.13,,"192587,1858,1.498,-0.130,-349661,NA"
2026-03-23T21:15:16,192726,192.726,-0.136,,"192726,1858,1.498,-0.136,-349582,NA"
2026-03-23T21:15:16,192846,192.846,-0.137,,"192846,1858,1.497,-0.137,-349611,NA"
2026-03-23T21:15:16,192947,192.947,-0.135,,"192947,1858,1.498,-0.135,-349611,NA"
2026-03-23T21:15:16,193067,193.067,-0.133,,"193067,1858,1.498,-0.133,-349559,NA"
2026-03-23T21:15:17,193206,193.206,-0.128,,"193206,1858,1.498,-0.128,-349573,NA"
2026-03-23T21:15:17,193307,193.307,-0.13,,"193307,1858,1.498,-0.130,-349633,NA"
2026-03-23T21:15:17,193427,193.427,-0.126,,"193427,1858,1.498,-0.126,-349614,NA"
2026-03-23T21:15:17,193566,193.566,-0.129,,"193566,1858,1.498,-0.129,-349617,NA"
2026-03-23T21:15:17,193686,193.686,-0.129,,"193686,1858,1.498,-0.129,-349643,NA"
2026-03-23T21:15:17,193787,193.787,-0.129,,"193787,1858,1.498,-0.129,-349609,NA"
2026-03-23T21:15:17,193907,193.907,-0.129,,"193907,1858,1.498,-0.129,-349583,NA"
2026-03-23T21:15:17,194046,194.046,-0.131,,"194046,1858,1.498,-0.131,-349553,NA"
2026-03-23T21:15:17,194147,194.147,-0.13,,"194147,1858,1.498,-0.130,-349563,NA"
2026-03-23T21:15:18,194267,194.267,-0.13,,"194267,1858,1.498,-0.130,-349562,NA"
2026-03-23T21:15:18,194406,194.406,-0.131,,"194406,1858,1.498,-0.131,-349617,NA"
2026-03-23T21:15:18,194526,194.526,-0.131,,"194526,1858,1.498,-0.131,-349615,NA"
2026-03-23T21:15:18,194627,194.627,-0.139,,"194627,1858,1.497,-0.139,-349610,NA"
2026-03-23T21:15:18,194747,194.747,-0.136,,"194747,1858,1.498,-0.136,-349603,NA"
2026-03-23T21:15:18,194886,194.886,-0.132,,"194886,1858,1.498,-0.132,-349540,NA"
2026-03-23T21:15:18,194987,194.987,-0.133,,"194987,1858,1.498,-0.133,-349585,NA"
2026-03-23T21:15:18,195107,195.107,-0.134,,"195107,1858,1.498,-0.134,-349568,NA"
2026-03-23T21:15:19,195246,195.246,-0.133,,"195246,1858,1.498,-0.133,-349585,NA"
2026-03-23T21:15:19,195366,195.366,-0.137,,"195366,1858,1.497,-0.137,-349626,NA"
2026-03-23T21:15:19,195467,195.467,-0.135,,"195467,1858,1.498,-0.135,-349574,NA"
2026-03-23T21:15:19,195606,195.606,-0.131,,"195606,1858,1.498,-0.131,-349656,NA"
2026-03-23T21:15:19,195726,195.726,-0.132,,"195726,1858,1.498,-0.132,-349588,NA"
2026-03-23T21:15:19,195827,195.827,-0.133,,"195827,1858,1.498,-0.133,-349573,NA"
2026-03-23T21:15:19,195947,195.947,-0.134,,"195947,1858,1.498,-0.134,-349601,NA"
2026-03-23T21:15:19,196086,196.086,-0.134,,"196086,1858,1.498,-0.134,-349611,NA"
2026-03-23T21:15:19,196187,196.187,-0.131,,"196187,1858,1.498,-0.131,-349635,NA"
2026-03-23T21:15:20,196307,196.307,-0.132,,"196307,1858,1.498,-0.132,-349590,NA"
2026-03-23T21:15:20,196446,196.446,-0.127,,"196446,1858,1.498,-0.127,-349655,NA"
2026-03-23T21:15:20,196566,196.566,-0.126,,"196566,1858,1.498,-0.126,-349631,NA"
2026-03-23T21:15:20,196667,196.667,-0.126,,"196667,1858,1.498,-0.126,-349616,NA"
2026-03-23T21:15:20,196787,196.787,-0.125,,"196787,1858,1.498,-0.125,-349666,NA"
2026-03-23T21:15:20,196926,196.926,-0.126,,"196926,1858,1.498,-0.126,-349631,NA"
2026-03-23T21:15:20,197027,197.027,-0.123,,"197027,1858,1.498,-0.123,-349557,NA"
2026-03-23T21:15:21,197147,197.147,-0.123,,"197147,1858,1.498,-0.123,-349606,NA"
2026-03-23T21:15:21,197286,197.286,-0.128,,"197286,1858,1.498,-0.128,-349594,NA"
2026-03-23T21:15:21,197406,197.406,-0.126,,"197406,1858,1.498,-0.126,-349554,NA"
2026-03-23T21:15:21,197507,197.507,-0.129,,"197507,1858,1.498,-0.129,-349615,NA"
2026-03-23T21:15:21,197627,197.627,-0.131,,"197627,1858,1.498,-0.131,-349610,NA"
2026-03-23T21:15:21,197766,197.766,-0.133,,"197766,1858,1.498,-0.133,-349550,NA"
2026-03-23T21:15:21,197867,197.867,-0.132,,"197867,1858,1.498,-0.132,-349623,NA"
2026-03-23T21:15:21,197987,197.987,-0.133,,"197987,1858,1.498,-0.133,-349627,NA"
2026-03-23T21:15:21,198126,198.126,-0.135,,"198126,1858,1.498,-0.135,-349558,NA"
2026-03-23T21:15:22,198246,198.246,-0.135,,"198246,1858,1.498,-0.135,-349596,NA"
2026-03-23T21:15:22,198347,198.347,-0.133,,"198347,1858,1.498,-0.133,-349606,NA"
2026-03-23T21:15:22,198467,198.467,-0.134,,"198467,1858,1.498,-0.134,-349573,NA"
2026-03-23T21:15:22,198606,198.606,-0.135,,"198606,1858,1.498,-0.135,-349617,NA"
2026-03-23T21:15:22,198707,198.707,-0.133,,"198707,1858,1.498,-0.133,-349689,NA"
2026-03-23T21:15:22,198827,198.827,-0.134,,"198827,1858,1.498,-0.134,-349653,NA"
2026-03-23T21:15:22,198966,198.966,-0.132,,"198966,1858,1.498,-0.132,-349647,NA"
2026-03-23T21:15:22,199086,199.086,-0.135,,"199086,1858,1.498,-0.135,-349641,NA"
2026-03-23T21:15:22,199187,199.187,-0.137,,"199187,1858,1.498,-0.137,-349571,NA"
2026-03-23T21:15:23,199307,199.307,-0.14,,"199307,1858,1.497,-0.140,-349540,NA"
2026-03-23T21:15:23,199446,199.446,-0.137,,"199446,1858,1.498,-0.137,-349629,NA"
2026-03-23T21:15:23,199547,199.547,-0.134,,"199547,1858,1.498,-0.134,-349648,NA"
2026-03-23T21:15:23,199667,199.667,-0.133,,"199667,1858,1.498,-0.133,-349637,NA"
2026-03-23T21:15:23,199806,199.806,-0.136,,"199806,1858,1.498,-0.136,-349660,NA"
2026-03-23T21:15:23,199907,199.907,-0.135,,"199907,1858,1.498,-0.135,-349590,NA"
2026-03-23T21:15:23,200027,200.027,-0.137,,"200027,1858,1.497,-0.137,-349573,NA"
2026-03-23T21:15:23,200166,200.166,-0.135,,"200166,1858,1.498,-0.135,-349637,NA"
2026-03-23T21:15:24,200286,200.286,-0.135,,"200286,1858,1.498,-0.135,-349592,NA"
2026-03-23T21:15:24,200387,200.387,-0.138,,"200387,1858,1.497,-0.138,-349538,NA"
2026-03-23T21:15:24,200507,200.507,-0.136,,"200507,1858,1.498,-0.136,-349600,NA"
2026-03-23T21:15:24,200646,200.646,-0.134,,"200646,1858,1.498,-0.134,-349639,NA"
2026-03-23T21:15:24,200747,200.747,-0.131,,"200747,1858,1.498,-0.131,-349640,NA"
2026-03-23T21:15:24,200867,200.867,-0.128,,"200867,1858,1.498,-0.128,-349611,NA"
2026-03-23T21:15:24,201006,201.006,-0.129,,"201006,1858,1.498,-0.129,-349691,NA"
2026-03-23T21:15:24,201126,201.126,-0.136,,"201126,1858,1.498,-0.136,-349657,NA"
2026-03-23T21:15:25,201227,201.227,-0.136,,"201227,1858,1.498,-0.136,-349616,NA"
2026-03-23T21:15:25,201347,201.347,-0.134,,"201347,1858,1.498,-0.134,-349610,NA"
2026-03-23T21:15:25,201486,201.486,-0.131,,"201486,1858,1.498,-0.131,-349628,NA"
2026-03-23T21:15:25,201587,201.587,-0.13,,"201587,1858,1.498,-0.130,-349689,NA"
2026-03-23T21:15:25,201707,201.707,-0.128,,"201707,1858,1.498,-0.128,-349612,NA"
2026-03-23T21:15:25,201846,201.846,-0.134,,"201846,1858,1.498,-0.134,-349537,NA"
2026-03-23T21:15:25,201966,201.966,-0.134,,"201966,1858,1.498,-0.134,-349599,NA"
2026-03-23T21:15:25,202067,202.067,-0.133,,"202067,1858,1.498,-0.133,-349619,NA"
2026-03-23T21:15:25,202187,202.187,-0.13,,"202187,1858,1.498,-0.130,-349567,NA"
2026-03-23T21:15:26,202326,202.326,-0.129,,"202326,1858,1.498,-0.129,-349611,NA"
2026-03-23T21:15:26,202427,202.427,-0.133,,"202427,1858,1.498,-0.133,-349619,NA"
2026-03-23T21:15:26,202547,202.547,-0.136,,"202547,1858,1.498,-0.136,-349661,NA"
2026-03-23T21:15:26,202686,202.686,-0.138,,"202686,1858,1.497,-0.138,-349612,NA"
2026-03-23T21:15:26,202806,202.806,-0.137,,"202806,1858,1.498,-0.137,-349626,NA"
2026-03-23T21:15:26,202907,202.907,-0.137,,"202907,1858,1.498,-0.137,-349588,NA"
2026-03-23T21:15:26,203027,203.027,-0.134,,"203027,1858,1.498,-0.134,-349599,NA"
2026-03-23T21:15:26,203166,203.166,-0.133,,"203166,1858,1.498,-0.133,-349632,NA"
2026-03-23T21:15:27,203267,203.267,-0.13,,"203267,1858,1.498,-0.130,-349575,NA"
2026-03-23T21:15:27,203387,203.387,-0.13,,"203387,1858,1.498,-0.130,-349497,NA"
2026-03-23T21:15:27,203526,203.526,-0.133,,"203526,1858,1.498,-0.133,-349575,NA"
2026-03-23T21:15:27,203627,203.627,-0.137,,"203627,1858,1.497,-0.137,-349542,NA"
2026-03-23T21:15:27,203747,203.747,-0.142,,"203747,1858,1.497,-0.142,-349626,NA"
2026-03-23T21:15:27,203886,203.886,-0.14,,"203886,1858,1.497,-0.140,-349648,NA"
2026-03-23T21:15:27,204006,204.006,-0.141,,"204006,1858,1.497,-0.141,-349554,NA"
2026-03-23T21:15:27,204107,204.107,-0.145,,"204107,1857,1.497,-0.145,-349545,NA"
2026-03-23T21:15:28,204227,204.227,-0.149,,"204227,1857,1.497,-0.149,-349612,NA"
2026-03-23T21:15:28,204366,204.366,-0.147,,"204366,1857,1.497,-0.147,-349601,NA"
2026-03-23T21:15:28,204467,204.467,-0.151,,"204467,1857,1.497,-0.151,-349585,NA"
2026-03-23T21:15:28,204587,204.587,-0.149,,"204587,1857,1.497,-0.149,-349629,NA"
2026-03-23T21:15:28,204726,204.726,-0.147,,"204726,1857,1.497,-0.147,-349596,NA"
2026-03-23T21:15:28,204846,204.846,-0.146,,"204846,1857,1.497,-0.146,-349614,NA"
2026-03-23T21:15:28,204947,204.947,-0.143,,"204947,1857,1.497,-0.143,-349599,NA"
2026-03-23T21:15:28,205067,205.067,-0.144,,"205067,1857,1.497,-0.144,-349657,NA"
2026-03-23T21:15:29,205206,205.206,-0.142,,"205206,1858,1.497,-0.142,-349558,NA"
2026-03-23T21:15:29,205307,205.307,-0.14,,"205307,1858,1.497,-0.140,-349566,NA"
2026-03-23T21:15:29,205427,205.427,-0.139,,"205427,1858,1.497,-0.139,-349571,NA"
2026-03-23T21:15:29,205566,205.566,-0.136,,"205566,1858,1.498,-0.136,-349570,NA"
2026-03-23T21:15:29,205686,205.686,-0.136,,"205686,1858,1.498,-0.136,-349565,NA"
2026-03-23T21:15:29,205787,205.787,-0.141,,"205787,1858,1.497,-0.141,-349601,NA"
2026-03-23T21:15:29,205907,205.907,-0.143,,"205907,1857,1.497,-0.143,-349602,NA"
2026-03-23T21:15:29,206046,206.046,-0.141,,"206046,1858,1.497,-0.141,-349633,NA"
2026-03-23T21:15:29,206147,206.147,-0.141,,"206147,1858,1.497,-0.141,-349558,NA"
2026-03-23T21:15:30,206267,206.267,-0.141,,"206267,1858,1.497,-0.141,-349525,NA"
2026-03-23T21:15:30,206406,206.406,-0.145,,"206406,1857,1.497,-0.145,-349631,NA"
2026-03-23T21:15:30,206526,206.526,-0.146,,"206526,1857,1.497,-0.146,-349605,NA"
2026-03-23T21:15:30,206627,206.627,-0.147,,"206627,1857,1.497,-0.147,-349632,NA"
2026-03-23T21:15:30,206747,206.747,-0.149,,"206747,1857,1.497,-0.149,-349628,NA"
2026-03-23T21:15:30,206886,206.886,-0.147,,"206886,1857,1.497,-0.147,-349665,NA"
2026-03-23T21:15:30,206987,206.987,-0.146,,"206987,1857,1.497,-0.146,-349623,NA"
2026-03-23T21:15:30,207107,207.107,-0.147,,"207107,1857,1.497,-0.147,-349595,NA"
2026-03-23T21:15:31,207246,207.246,-0.145,,"207246,1857,1.497,-0.145,-349601,NA"
2026-03-23T21:15:31,207366,207.366,-0.146,,"207366,1857,1.497,-0.146,-349637,NA"
2026-03-23T21:15:31,207467,207.467,-0.145,,"207467,1857,1.497,-0.145,-349625,NA"
2026-03-23T21:15:31,207587,207.587,-0.148,,"207587,1857,1.497,-0.148,-349588,NA"
2026-03-23T21:15:31,207726,207.726,-0.145,,"207726,1857,1.497,-0.145,-349590,NA"
2026-03-23T21:15:31,207827,207.827,-0.144,,"207827,1857,1.497,-0.144,-349566,NA"
2026-03-23T21:15:31,207947,207.947,-0.144,,"207947,1857,1.497,-0.144,-349559,NA"
2026-03-23T21:15:31,208086,208.086,-0.136,,"208086,1858,1.498,-0.136,-349579,NA"
2026-03-23T21:15:31,208187,208.187,-0.136,,"208187,1858,1.498,-0.136,-349531,NA"
2026-03-23T21:15:32,208307,208.307,-0.142,,"208307,1858,1.497,-0.142,-349565,NA"
2026-03-23T21:15:32,208446,208.446,-0.14,,"208446,1858,1.497,-0.140,-349534,NA"
2026-03-23T21:15:32,208566,208.566,-0.142,,"208566,1857,1.497,-0.142,-349568,NA"
2026-03-23T21:15:32,208667,208.667,-0.141,,"208667,1858,1.497,-0.141,-349571,NA"
2026-03-23T21:15:32,208787,208.787,-0.138,,"208787,1858,1.497,-0.138,-349582,NA"
2026-03-23T21:15:32,208926,208.926,-0.135,,"208926,1858,1.498,-0.135,-349557,NA"
2026-03-23T21:15:32,209027,209.027,-0.135,,"209027,1858,1.498,-0.135,-349609,NA"
2026-03-23T21:15:32,209147,209.147,-0.137,,"209147,1858,1.497,-0.137,-349609,NA"
2026-03-23T21:15:33,209286,209.286,-0.138,,"209286,1858,1.497,-0.138,-349577,NA"
2026-03-23T21:15:33,209406,209.406,-0.139,,"209406,1858,1.497,-0.139,-349536,NA"
2026-03-23T21:15:33,209507,209.507,-0.139,,"209507,1858,1.497,-0.139,-349560,NA"
2026-03-23T21:15:33,209627,209.627,-0.143,,"209627,1857,1.497,-0.143,-349606,NA"
2026-03-23T21:15:33,209766,209.766,-0.14,,"209766,1858,1.497,-0.140,-349597,NA"
2026-03-23T21:15:33,209867,209.867,-0.136,,"209867,1858,1.498,-0.136,-349626,NA"
2026-03-23T21:15:33,209987,209.987,-0.14,,"209987,1858,1.497,-0.140,-349599,NA"
2026-03-23T21:15:33,210126,210.126,-0.138,,"210126,1858,1.497,-0.138,-349554,NA"
2026-03-23T21:15:34,210246,210.246,-0.139,,"210246,1858,1.497,-0.139,-349547,NA"
2026-03-23T21:15:34,210347,210.347,-0.138,,"210347,1858,1.497,-0.138,-349529,NA"
2026-03-23T21:15:34,210467,210.467,-0.138,,"210467,1858,1.497,-0.138,-349569,NA"
2026-03-23T21:15:34,210606,210.606,-0.137,,"210606,1858,1.498,-0.137,-349573,NA"
2026-03-23T21:15:34,210707,210.707,-0.14,,"210707,1858,1.497,-0.140,-349626,NA"
2026-03-23T21:15:34,210827,210.827,-0.139,,"210827,1858,1.497,-0.139,-349596,NA"
2026-03-23T21:15:34,210966,210.966,-0.144,,"210966,1857,1.497,-0.144,-349617,NA"
2026-03-23T21:15:34,211086,211.086,-0.14,,"211086,1858,1.497,-0.140,-349589,NA"
2026-03-23T21:15:34,211187,211.187,-0.135,,"211187,1858,1.498,-0.135,-349578,NA"
2026-03-23T21:15:35,211307,211.307,-0.135,,"211307,1858,1.498,-0.135,-349566,NA"
2026-03-23T21:15:35,211446,211.446,-0.141,,"211446,1858,1.497,-0.141,-349670,NA"
2026-03-23T21:15:35,211547,211.547,-0.139,,"211547,1858,1.497,-0.139,-349631,NA"
2026-03-23T21:15:35,211667,211.667,-0.14,,"211667,1858,1.497,-0.140,-349632,NA"
2026-03-23T21:15:35,211806,211.806,-0.137,,"211806,1858,1.498,-0.137,-349586,NA"
2026-03-23T21:15:35,211907,211.907,-0.138,,"211907,1858,1.497,-0.138,-349557,NA"
2026-03-23T21:15:35,212027,212.027,-0.138,,"212027,1858,1.497,-0.138,-349530,NA"
2026-03-23T21:15:35,212166,212.166,-0.137,,"212166,1858,1.498,-0.137,-349561,NA"
2026-03-23T21:15:36,212286,212.286,-0.142,,"212286,1858,1.497,-0.142,-349605,NA"
2026-03-23T21:15:36,212387,212.387,-0.142,,"212387,1858,1.497,-0.142,-349647,NA"
2026-03-23T21:15:36,212507,212.507,-0.142,,"212507,1858,1.497,-0.142,-349612,NA"
2026-03-23T21:15:36,212646,212.646,-0.14,,"212646,1858,1.497,-0.140,-349580,NA"
2026-03-23T21:15:36,212747,212.747,-0.143,,"212747,1857,1.497,-0.143,-349610,NA"
2026-03-23T21:15:36,212867,212.867,-0.144,,"212867,1857,1.497,-0.144,-349633,NA"
2026-03-23T21:15:36,213006,213.006,-0.145,,"213006,1857,1.497,-0.145,-349471,NA"
2026-03-23T21:15:36,213126,213.126,-0.145,,"213126,1857,1.497,-0.145,-349518,NA"
2026-03-23T21:15:37,213227,213.227,-0.146,,"213227,1857,1.497,-0.146,-349533,NA"
2026-03-23T21:15:37,213347,213.347,-0.147,,"213347,1857,1.497,-0.147,-349541,NA"
2026-03-23T21:15:37,213486,213.486,-0.145,,"213486,1857,1.497,-0.145,-349644,NA"
2026-03-23T21:15:37,213587,213.587,-0.146,,"213587,1857,1.497,-0.146,-349627,NA"
2026-03-23T21:15:37,213707,213.707,-0.145,,"213707,1857,1.497,-0.145,-349556,NA"
2026-03-23T21:15:37,213846,213.846,-0.141,,"213846,1858,1.497,-0.141,-349620,NA"
2026-03-23T21:15:37,213966,213.966,-0.141,,"213966,1858,1.497,-0.141,-349593,NA"
2026-03-23T21:15:38,214067,214.067,-0.139,,"214067,1858,1.497,-0.139,-349629,NA"
2026-03-23T21:15:38,214187,214.187,-0.138,,"214187,1858,1.497,-0.138,-349635,NA"
2026-03-23T21:15:38,214326,214.326,-0.139,,"214326,1858,1.497,-0.139,-349575,NA"
2026-03-23T21:15:38,214427,214.427,-0.14,,"214427,1858,1.497,-0.140,-349530,NA"
2026-03-23T21:15:38,214547,214.547,-0.143,,"214547,1857,1.497,-0.143,-349607,NA"
2026-03-23T21:15:38,214686,214.686,-0.141,,"214686,1858,1.497,-0.141,-349495,NA"
2026-03-23T21:15:38,214806,214.806,-0.139,,"214806,1858,1.497,-0.139,-349580,NA"
2026-03-23T21:15:38,214907,214.907,-0.143,,"214907,1857,1.497,-0.143,-349645,NA"
2026-03-23T21:15:38,215027,215.027,-0.143,,"215027,1857,1.497,-0.143,-349609,NA"
2026-03-23T21:15:38,215166,215.166,-0.143,,"215166,1857,1.497,-0.143,-349692,NA"
2026-03-23T21:15:39,215267,215.267,-0.144,,"215267,1857,1.497,-0.144,-349666,NA"
2026-03-23T21:15:39,215387,215.387,-0.144,,"215387,1857,1.497,-0.144,-349662,NA"
2026-03-23T21:15:39,215526,215.526,-0.14,,"215526,1858,1.497,-0.140,-349655,NA"
2026-03-23T21:15:39,215646,215.646,-0.148,,"215646,1857,1.497,-0.148,-349650,NA"
2026-03-23T21:15:39,215747,215.747,-0.146,,"215747,1857,1.497,-0.146,-349652,NA"
2026-03-23T21:15:39,215886,215.886,-0.137,,"215886,1858,1.497,-0.137,-349560,NA"
2026-03-23T21:15:39,216006,216.006,-0.139,,"216006,1858,1.497,-0.139,-349581,NA"
2026-03-23T21:15:39,216107,216.107,-0.138,,"216107,1858,1.497,-0.138,-349598,NA"
2026-03-23T21:15:40,216227,216.227,-0.141,,"216227,1858,1.497,-0.141,-349608,NA"
2026-03-23T21:15:40,216366,216.366,-0.139,,"216366,1858,1.497,-0.139,-349582,NA"
2026-03-23T21:15:40,216467,216.467,-0.142,,"216467,1858,1.497,-0.142,-349623,NA"
2026-03-23T21:15:40,216587,216.587,-0.14,,"216587,1858,1.497,-0.140,-349669,NA"
2026-03-23T21:15:40,216726,216.726,-0.139,,"216726,1858,1.497,-0.139,-349698,NA"
2026-03-23T21:15:40,216846,216.846,-0.136,,"216846,1858,1.498,-0.136,-349630,NA"
2026-03-23T21:15:40,216947,216.947,-0.138,,"216947,1858,1.497,-0.138,-349602,NA"
2026-03-23T21:15:40,217067,217.067,-0.139,,"217067,1858,1.497,-0.139,-349612,NA"
2026-03-23T21:15:41,217206,217.206,-0.137,,"217206,1858,1.498,-0.137,-349619,NA"
2026-03-23T21:15:41,217307,217.307,-0.135,,"217307,1858,1.498,-0.135,-349674,NA"
2026-03-23T21:15:41,217427,217.427,-0.137,,"217427,1858,1.498,-0.137,-349674,NA"
2026-03-23T21:15:41,217566,217.566,-0.136,,"217566,1858,1.498,-0.136,-349651,NA"
2026-03-23T21:15:41,217686,217.686,-0.136,,"217686,1858,1.498,-0.136,-349694,NA"
2026-03-23T21:15:41,217787,217.787,-0.139,,"217787,1858,1.497,-0.139,-349676,NA"
2026-03-23T21:15:41,217907,217.907,-0.139,,"217907,1858,1.497,-0.139,-349629,NA"
2026-03-23T21:15:41,218046,218.046,-0.14,,"218046,1858,1.497,-0.140,-349661,NA"
2026-03-23T21:15:41,218147,218.147,-0.142,,"218147,1858,1.497,-0.142,-349667,NA"
2026-03-23T21:15:42,218267,218.267,-0.146,,"218267,1857,1.497,-0.146,-349622,NA"
2026-03-23T21:15:42,218406,218.406,-0.143,,"218406,1857,1.497,-0.143,-349618,NA"
2026-03-23T21:15:42,218526,218.526,-0.143,,"218526,1857,1.497,-0.143,-349630,NA"
2026-03-23T21:15:42,218627,218.627,-0.142,,"218627,1858,1.497,-0.142,-349694,NA"
2026-03-23T21:15:42,218747,218.747,-0.142,,"218747,1857,1.497,-0.142,-349685,NA"
2026-03-23T21:15:42,218886,218.886,-0.144,,"218886,1857,1.497,-0.144,-349699,NA"
2026-03-23T21:15:42,218987,218.987,-0.145,,"218987,1857,1.497,-0.145,-349697,NA"
2026-03-23T21:15:42,219107,219.107,-0.148,,"219107,1857,1.497,-0.148,-349657,NA"
2026-03-23T21:15:43,219246,219.246,-0.146,,"219246,1857,1.497,-0.146,-349584,NA"
2026-03-23T21:15:43,219366,219.366,-0.144,,"219366,1857,1.497,-0.144,-349630,NA"
2026-03-23T21:15:43,219467,219.467,-0.142,,"219467,1858,1.497,-0.142,-349598,NA"
2026-03-23T21:15:43,219587,219.587,-0.143,,"219587,1857,1.497,-0.143,-349569,NA"
2026-03-23T21:15:43,219726,219.726,-0.143,,"219726,1857,1.497,-0.143,-349630,NA"
2026-03-23T21:15:43,219827,219.827,-0.143,,"219827,1857,1.497,-0.143,-349631,NA"
2026-03-23T21:15:43,219947,219.947,-0.141,,"219947,1858,1.497,-0.141,-349625,NA"
2026-03-23T21:15:43,220086,220.086,-0.143,,"220086,1857,1.497,-0.143,-349700,NA"
2026-03-23T21:15:43,220187,220.187,-0.142,,"220187,1857,1.497,-0.142,-349658,NA"
2026-03-23T21:15:44,220307,220.307,-0.144,,"220307,1857,1.497,-0.144,-349642,NA"
2026-03-23T21:15:44,220446,220.446,-0.138,,"220446,1858,1.497,-0.138,-349600,NA"
2026-03-23T21:15:44,220566,220.566,-0.138,,"220566,1858,1.497,-0.138,-349632,NA"
2026-03-23T21:15:44,220667,220.667,-0.139,,"220667,1858,1.497,-0.139,-349638,NA"
2026-03-23T21:15:44,220787,220.787,-0.141,,"220787,1858,1.497,-0.141,-349661,NA"
2026-03-23T21:15:44,220926,220.926,-0.143,,"220926,1857,1.497,-0.143,-349654,NA"
2026-03-23T21:15:45,221027,221.027,-0.143,,"221027,1857,1.497,-0.143,-349636,NA"
2026-03-23T21:15:45,221147,221.147,-0.141,,"221147,1858,1.497,-0.141,-349605,NA"
2026-03-23T21:15:45,221286,221.286,-0.145,,"221286,1857,1.497,-0.145,-349652,NA"
2026-03-23T21:15:45,221406,221.406,-0.146,,"221406,1857,1.497,-0.146,-349657,NA"
2026-03-23T21:15:45,221507,221.507,-0.143,,"221507,1857,1.497,-0.143,-349649,NA"
2026-03-23T21:15:45,221627,221.627,-0.141,,"221627,1858,1.497,-0.141,-349646,NA"
2026-03-23T21:15:45,221766,221.766,-0.141,,"221766,1858,1.497,-0.141,-349637,NA"
2026-03-23T21:15:45,221867,221.867,-0.141,,"221867,1858,1.497,-0.141,-349677,NA"
2026-03-23T21:15:45,221987,221.987,-0.139,,"221987,1858,1.497,-0.139,-349673,NA"
2026-03-23T21:15:45,222126,222.126,-0.135,,"222126,1858,1.498,-0.135,-349611,NA"
2026-03-23T21:15:46,222246,222.246,-0.133,,"222246,1858,1.498,-0.133,-349621,NA"
2026-03-23T21:15:46,222347,222.347,-0.134,,"222347,1858,1.498,-0.134,-349689,NA"
2026-03-23T21:15:46,222467,222.467,-0.136,,"222467,1858,1.498,-0.136,-349667,NA"
2026-03-23T21:15:46,222606,222.606,-0.136,,"222606,1858,1.498,-0.136,-349674,NA"
2026-03-23T21:15:46,222707,222.707,-0.143,,"222707,1857,1.497,-0.143,-349626,NA"
2026-03-23T21:15:46,222827,222.827,-0.143,,"222827,1857,1.497,-0.143,-349596,NA"
2026-03-23T21:15:46,222966,222.966,-0.143,,"222966,1857,1.497,-0.143,-349593,NA"
2026-03-23T21:15:46,223086,223.086,-0.143,,"223086,1857,1.497,-0.143,-349649,NA"
2026-03-23T21:15:46,223187,223.187,-0.144,,"223187,1857,1.497,-0.144,-349679,NA"
2026-03-23T21:15:47,223307,223.307,-0.145,,"223307,1857,1.497,-0.145,-349677,NA"
2026-03-23T21:15:47,223446,223.446,-0.143,,"223446,1857,1.497,-0.143,-349629,NA"
2026-03-23T21:15:47,223547,223.547,-0.144,,"223547,1857,1.497,-0.144,-349634,NA"
2026-03-23T21:15:47,223667,223.667,-0.144,,"223667,1857,1.497,-0.144,-349607,NA"
2026-03-23T21:15:47,223806,223.806,-0.147,,"223806,1857,1.497,-0.147,-349543,NA"
2026-03-23T21:15:47,223926,223.926,-0.145,,"223926,1857,1.497,-0.145,-349615,NA"
2026-03-23T21:15:47,224027,224.027,-0.145,,"224027,1857,1.497,-0.145,-349615,NA"
2026-03-23T21:15:48,224166,224.166,-0.139,,"224166,1858,1.497,-0.139,-349665,NA"
2026-03-23T21:15:48,224286,224.286,-0.138,,"224286,1858,1.497,-0.138,-349702,NA"
2026-03-23T21:15:48,224387,224.387,-0.135,,"224387,1858,1.498,-0.135,-349649,NA"
2026-03-23T21:15:48,224507,224.507,-0.132,,"224507,1858,1.498,-0.132,-349587,NA"
2026-03-23T21:15:48,224646,224.646,-0.135,,"224646,1858,1.498,-0.135,-349546,NA"
2026-03-23T21:15:48,224747,224.747,-0.138,,"224747,1858,1.497,-0.138,-349586,NA"
2026-03-23T21:15:48,224867,224.867,-0.136,,"224867,1858,1.498,-0.136,-349681,NA"
2026-03-23T21:15:48,225006,225.006,-0.134,,"225006,1858,1.498,-0.134,-349698,NA"
2026-03-23T21:15:48,225126,225.126,-0.136,,"225126,1858,1.498,-0.136,-349674,NA"
2026-03-23T21:15:49,225227,225.227,-0.134,,"225227,1858,1.498,-0.134,-349670,NA"
2026-03-23T21:15:49,225347,225.347,-0.138,,"225347,1858,1.497,-0.138,-349658,NA"
2026-03-23T21:15:49,225486,225.486,-0.134,,"225486,1858,1.498,-0.134,-349665,NA"
2026-03-23T21:15:49,225587,225.587,-0.136,,"225587,1858,1.498,-0.136,-349667,NA"
2026-03-23T21:15:49,225707,225.707,-0.136,,"225707,1858,1.498,-0.136,-349651,NA"
2026-03-23T21:15:49,225846,225.846,-0.134,,"225846,1858,1.498,-0.134,-349659,NA"
2026-03-23T21:15:49,225966,225.966,-0.131,,"225966,1858,1.498,-0.131,-349689,NA"
2026-03-23T21:15:50,226067,226.067,-0.132,,"226067,1858,1.498,-0.132,-349715,NA"
2026-03-23T21:15:50,226187,226.187,-0.129,,"226187,1858,1.498,-0.129,-349671,NA"
2026-03-23T21:15:50,226326,226.326,-0.129,,"226326,1858,1.498,-0.129,-349611,NA"
2026-03-23T21:15:50,226427,226.427,-0.127,,"226427,1858,1.498,-0.127,-349599,NA"
2026-03-23T21:15:50,226547,226.547,-0.128,,"226547,1858,1.498,-0.128,-349597,NA"
2026-03-23T21:15:50,226686,226.686,-0.132,,"226686,1858,1.498,-0.132,-349680,NA"
2026-03-23T21:15:50,226806,226.806,-0.133,,"226806,1858,1.498,-0.133,-349648,NA"
2026-03-23T21:15:50,226907,226.907,-0.134,,"226907,1858,1.498,-0.134,-349621,NA"
2026-03-23T21:15:50,227027,227.027,-0.138,,"227027,1858,1.497,-0.138,-349644,NA"
2026-03-23T21:15:50,227167,227.167,-0.137,,"227167,1858,1.497,-0.137,-349613,NA"
2026-03-23T21:15:51,227267,227.267,-0.139,,"227267,1858,1.497,-0.139,-349611,NA"
2026-03-23T21:15:51,227387,227.387,-0.14,,"227387,1858,1.497,-0.140,-349648,NA"
2026-03-23T21:15:51,227526,227.526,-0.141,,"227526,1858,1.497,-0.141,-349665,NA"
2026-03-23T21:15:51,227646,227.646,-0.141,,"227646,1858,1.497,-0.141,-349610,NA"
2026-03-23T21:15:51,227747,227.747,-0.141,,"227747,1858,1.497,-0.141,-349601,NA"
2026-03-23T21:15:51,227867,227.867,-0.143,,"227867,1857,1.497,-0.143,-349582,NA"
2026-03-23T21:15:51,228006,228.006,-0.143,,"228006,1857,1.497,-0.143,-349648,NA"
2026-03-23T21:15:51,228107,228.107,-0.143,,"228107,1857,1.497,-0.143,-349613,NA"
2026-03-23T21:15:52,228227,228.227,-0.141,,"228227,1858,1.497,-0.141,-349626,NA"
2026-03-23T21:15:52,228366,228.366,-0.143,,"228366,1857,1.497,-0.143,-349609,NA"
2026-03-23T21:15:52,228467,228.467,-0.142,,"228467,1857,1.497,-0.142,-349626,NA"
2026-03-23T21:15:52,228587,228.587,-0.142,,"228587,1857,1.497,-0.142,-349652,NA"
2026-03-23T21:15:52,228727,228.727,-0.144,,"228727,1857,1.497,-0.144,-349587,NA"
2026-03-23T21:15:52,228847,228.847,-0.147,,"228847,1857,1.497,-0.147,-349567,NA"
2026-03-23T21:15:53,228947,228.947,-0.147,,"228947,1857,1.497,-0.147,-349592,NA"
2026-03-23T21:15:53,229067,229.067,-0.146,,"229067,1857,1.497,-0.146,-349595,NA"
2026-03-23T21:15:53,229206,229.206,-0.145,,"229206,1857,1.497,-0.145,-349593,NA"
2026-03-23T21:15:53,229307,229.307,-0.147,,"229307,1857,1.497,-0.147,-349616,NA"
2026-03-23T21:15:53,229427,229.427,-0.149,,"229427,1857,1.497,-0.149,-349651,NA"
2026-03-23T21:15:53,229566,229.566,-0.147,,"229566,1857,1.497,-0.147,-349655,NA"
2026-03-23T21:15:53,229686,229.686,-0.148,,"229686,1857,1.497,-0.148,-349681,NA"
2026-03-23T21:15:53,229787,229.787,-0.148,,"229787,1857,1.497,-0.148,-349663,NA"
2026-03-23T21:15:53,229907,229.907,-0.145,,"229907,1857,1.497,-0.145,-349714,NA"
2026-03-23T21:15:53,230046,230.046,-0.146,,"230046,1857,1.497,-0.146,-349598,NA"
2026-03-23T21:15:53,230147,230.147,-0.145,,"230147,1857,1.497,-0.145,-349600,NA"
2026-03-23T21:15:54,230267,230.267,-0.148,,"230267,1857,1.497,-0.148,-349635,NA"
2026-03-23T21:15:54,230406,230.406,-0.146,,"230406,1857,1.497,-0.146,-349644,NA"
2026-03-23T21:15:54,230526,230.526,-0.151,,"230526,1857,1.497,-0.151,-349645,NA"
2026-03-23T21:15:54,230627,230.627,-0.152,,"230627,1857,1.497,-0.152,-349565,NA"
2026-03-23T21:15:54,230747,230.747,-0.153,,"230747,1857,1.497,-0.153,-349610,NA"
2026-03-23T21:15:54,230886,230.886,-0.146,,"230886,1857,1.497,-0.146,-349603,NA"
2026-03-23T21:15:54,230987,230.987,-0.143,,"230987,1857,1.497,-0.143,-349638,NA"
2026-03-23T21:15:54,231107,231.107,-0.139,,"231107,1858,1.497,-0.139,-349644,NA"
2026-03-23T21:15:55,231246,231.246,-0.14,,"231246,1858,1.497,-0.140,-349583,NA"
2026-03-23T21:15:55,231366,231.366,-0.145,,"231366,1857,1.497,-0.145,-349586,NA"
2026-03-23T21:15:55,231467,231.467,-0.14,,"231467,1858,1.497,-0.140,-349638,NA"
2026-03-23T21:15:55,231587,231.587,-0.139,,"231587,1858,1.497,-0.139,-349652,NA"
2026-03-23T21:15:55,231726,231.726,-0.136,,"231726,1858,1.498,-0.136,-349572,NA"
2026-03-23T21:15:55,231827,231.827,-0.138,,"231827,1858,1.497,-0.138,-349677,NA"
2026-03-23T21:15:55,231947,231.947,-0.137,,"231947,1858,1.497,-0.137,-349656,NA"
2026-03-23T21:15:55,232086,232.086,-0.139,,"232086,1858,1.497,-0.139,-349603,NA"
2026-03-23T21:15:56,232187,232.187,-0.138,,"232187,1858,1.497,-0.138,-349607,NA"
2026-03-23T21:15:56,232307,232.307,-0.139,,"232307,1858,1.497,-0.139,-349641,NA"
2026-03-23T21:15:56,232446,232.446,-0.141,,"232446,1858,1.497,-0.141,-349640,NA"
2026-03-23T21:15:56,232566,232.566,-0.14,,"232566,1858,1.497,-0.140,-349611,NA"
2026-03-23T21:15:56,232667,232.667,-0.142,,"232667,1858,1.497,-0.142,-349609,NA"
2026-03-23T21:15:56,232787,232.787,-0.14,,"232787,1858,1.497,-0.140,-349592,NA"
2026-03-23T21:15:56,232926,232.926,-0.139,,"232926,1858,1.497,-0.139,-349668,NA"
2026-03-23T21:15:56,233027,233.027,-0.139,,"233027,1858,1.497,-0.139,-349641,NA"
2026-03-23T21:15:56,233147,233.147,-0.142,,"233147,1858,1.497,-0.142,-349604,NA"
2026-03-23T21:15:57,233286,233.286,-0.142,,"233286,1858,1.497,-0.142,-349638,NA"
2026-03-23T21:15:57,233406,233.406,-0.14,,"233406,1858,1.497,-0.140,-349610,NA"
2026-03-23T21:15:57,233507,233.507,-0.14,,"233507,1858,1.497,-0.140,-349599,NA"
2026-03-23T21:15:57,233627,233.627,-0.139,,"233627,1858,1.497,-0.139,-349627,NA"
2026-03-23T21:15:57,233766,233.766,-0.14,,"233766,1858,1.497,-0.140,-349666,NA"
2026-03-23T21:15:57,233867,233.867,-0.139,,"233867,1858,1.497,-0.139,-349646,NA"
2026-03-23T21:15:57,233987,233.987,-0.142,,"233987,1858,1.497,-0.142,-349675,NA"
2026-03-23T21:15:57,234126,234.126,-0.142,,"234126,1858,1.497,-0.142,-349632,NA"
2026-03-23T21:15:58,234246,234.246,-0.145,,"234246,1857,1.497,-0.145,-349608,NA"
2026-03-23T21:15:58,234347,234.347,-0.145,,"234347,1857,1.497,-0.145,-349625,NA"
2026-03-23T21:15:58,234467,234.467,-0.142,,"234467,1858,1.497,-0.142,-349636,NA"
2026-03-23T21:15:58,234606,234.606,-0.14,,"234606,1858,1.497,-0.140,-349679,NA"
2026-03-23T21:15:58,234707,234.707,-0.139,,"234707,1858,1.497,-0.139,-349671,NA"
2026-03-23T21:15:58,234827,234.827,-0.14,,"234827,1858,1.497,-0.140,-349650,NA"
2026-03-23T21:15:58,234966,234.966,-0.14,,"234966,1858,1.497,-0.140,-349662,NA"
2026-03-23T21:15:59,235086,235.086,-0.139,,"235086,1858,1.497,-0.139,-349640,NA"
2026-03-23T21:15:59,235187,235.187,-0.14,,"235187,1858,1.497,-0.140,-349623,NA"
2026-03-23T21:15:59,235307,235.307,-0.145,,"235307,1857,1.497,-0.145,-349649,NA"
2026-03-23T21:15:59,235446,235.446,-0.144,,"235446,1857,1.497,-0.144,-349639,NA"
2026-03-23T21:15:59,235547,235.547,-0.144,,"235547,1857,1.497,-0.144,-349657,NA"
2026-03-23T21:15:59,235667,235.667,-0.143,,"235667,1857,1.497,-0.143,-349727,NA"
2026-03-23T21:15:59,235806,235.806,-0.146,,"235806,1857,1.497,-0.146,-349607,NA"
2026-03-23T21:15:59,235926,235.926,-0.147,,"235926,1857,1.497,-0.147,-349632,NA"
2026-03-23T21:15:59,236027,236.027,-0.144,,"236027,1857,1.497,-0.144,-349658,NA"
2026-03-23T21:15:59,236166,236.166,-0.145,,"236166,1857,1.497,-0.145,-349661,NA"
2026-03-23T21:16:00,236286,236.286,-0.146,,"236286,1857,1.497,-0.146,-349662,NA"
2026-03-23T21:16:00,236387,236.387,-0.147,,"236387,1857,1.497,-0.147,-349660,NA"
2026-03-23T21:16:00,236507,236.507,-0.146,,"236507,1857,1.497,-0.146,-349628,NA"
2026-03-23T21:16:00,236646,236.646,-0.146,,"236646,1857,1.497,-0.146,-349666,NA"
2026-03-23T21:16:00,236747,236.747,-0.145,,"236747,1857,1.497,-0.145,-349676,NA"
2026-03-23T21:16:00,236867,236.867,-0.146,,"236867,1857,1.497,-0.146,-349647,NA"
2026-03-23T21:16:00,237006,237.006,-0.149,,"237006,1857,1.497,-0.149,-349729,NA"
2026-03-23T21:16:00,237126,237.126,-0.145,,"237126,1857,1.497,-0.145,-349659,NA"
2026-03-23T21:16:01,237227,237.227,-0.144,,"237227,1857,1.497,-0.144,-349696,NA"
2026-03-23T21:16:01,237347,237.347,-0.144,,"237347,1857,1.497,-0.144,-349626,NA"
2026-03-23T21:16:01,237486,237.486,-0.143,,"237486,1857,1.497,-0.143,-349668,NA"
2026-03-23T21:16:01,237587,237.587,-0.146,,"237587,1857,1.497,-0.146,-349642,NA"
2026-03-23T21:16:01,237707,237.707,-0.147,,"237707,1857,1.497,-0.147,-349630,NA"
2026-03-23T21:16:01,237846,237.846,-0.15,,"237846,1857,1.497,-0.150,-349669,NA"
2026-03-23T21:16:01,237966,237.966,-0.149,,"237966,1857,1.497,-0.149,-349697,NA"
2026-03-23T21:16:01,238067,238.067,-0.149,,"238067,1857,1.497,-0.149,-349675,NA"
2026-03-23T21:16:01,238187,238.187,-0.149,,"238187,1857,1.497,-0.149,-349673,NA"
2026-03-23T21:16:02,238326,238.326,-0.147,,"238326,1857,1.497,-0.147,-349644,NA"
2026-03-23T21:16:02,238427,238.427,-0.144,,"238427,1857,1.497,-0.144,-349567,NA"
2026-03-23T21:16:02,238547,238.547,-0.141,,"238547,1858,1.497,-0.141,-349593,NA"
2026-03-23T21:16:02,238686,238.686,-0.14,,"238686,1858,1.497,-0.140,-349639,NA"
2026-03-23T21:16:02,238806,238.806,-0.138,,"238806,1858,1.497,-0.138,-349612,NA"
2026-03-23T21:16:02,238907,238.907,-0.139,,"238907,1858,1.497,-0.139,-349676,NA"
2026-03-23T21:16:02,239027,239.027,-0.14,,"239027,1858,1.497,-0.140,-349696,NA"
2026-03-23T21:16:02,239166,239.166,-0.139,,"239166,1858,1.497,-0.139,-349630,NA"
2026-03-23T21:16:03,239267,239.267,-0.137,,"239267,1858,1.497,-0.137,-349612,NA"
2026-03-23T21:16:03,239387,239.387,-0.139,,"239387,1858,1.497,-0.139,-349631,NA"
2026-03-23T21:16:03,239526,239.526,-0.138,,"239526,1858,1.497,-0.138,-349697,NA"
2026-03-23T21:16:03,239646,239.646,-0.139,,"239646,1858,1.497,-0.139,-349749,NA"
2026-03-23T21:16:03,239747,239.747,-0.144,,"239747,1857,1.497,-0.144,-349754,NA"
2026-03-23T21:16:03,239867,239.867,-0.145,,"239867,1857,1.497,-0.145,-349716,NA"
2026-03-23T21:16:03,240006,240.006,-0.15,,"240006,1857,1.497,-0.150,-349680,NA"
2026-03-23T21:16:03,240107,240.107,-0.149,,"240107,1857,1.497,-0.149,-349666,NA"
2026-03-23T21:16:04,240227,240.227,-0.149,,"240227,1857,1.497,-0.149,-349721,NA"
2026-03-23T21:16:04,240366,240.366,-0.149,,"240366,1857,1.497,-0.149,-349690,NA"
2026-03-23T21:16:04,240467,240.467,-0.151,,"240467,1857,1.497,-0.151,-349633,NA"
2026-03-23T21:16:04,240587,240.587,-0.15,,"240587,1857,1.497,-0.150,-349604,NA"
2026-03-23T21:16:04,240726,240.726,-0.15,,"240726,1857,1.497,-0.150,-349678,NA"
2026-03-23T21:16:04,240846,240.846,-0.149,,"240846,1857,1.497,-0.149,-349730,NA"
2026-03-23T21:16:04,240947,240.947,-0.151,,"240947,1857,1.497,-0.151,-349708,NA"
2026-03-23T21:16:04,241067,241.067,-0.149,,"241067,1857,1.497,-0.149,-349702,NA"
2026-03-23T21:16:05,241206,241.206,-0.147,,"241206,1857,1.497,-0.147,-349619,NA"
2026-03-23T21:16:05,241307,241.307,-0.144,,"241307,1857,1.497,-0.144,-349673,NA"
2026-03-23T21:16:05,241427,241.427,-0.143,,"241427,1857,1.497,-0.143,-349741,NA"
2026-03-23T21:16:05,241566,241.566,-0.145,,"241566,1857,1.497,-0.145,-349657,NA"
2026-03-23T21:16:05,241686,241.686,-0.146,,"241686,1857,1.497,-0.146,-349653,NA"
2026-03-23T21:16:05,241787,241.787,-0.154,,"241787,1857,1.497,-0.154,-349711,NA"
2026-03-23T21:16:05,241907,241.907,-0.151,,"241907,1857,1.497,-0.151,-349738,NA"
2026-03-23T21:16:05,242046,242.046,-0.152,,"242046,1857,1.497,-0.152,-349673,NA"
2026-03-23T21:16:05,242147,242.147,-0.155,,"242147,1857,1.497,-0.155,-349677,NA"
2026-03-23T21:16:06,242267,242.267,-0.157,,"242267,1857,1.497,-0.157,-349662,NA"
2026-03-23T21:16:06,242406,242.406,-0.157,,"242406,1857,1.497,-0.157,-349653,NA"
2026-03-23T21:16:06,242526,242.526,-0.154,,"242526,1857,1.497,-0.154,-349658,NA"
2026-03-23T21:16:06,242627,242.627,-0.153,,"242627,1857,1.497,-0.153,-349607,NA"
2026-03-23T21:16:06,242747,242.747,-0.15,,"242747,1857,1.497,-0.150,-349593,NA"
2026-03-23T21:16:06,242886,242.886,-0.15,,"242886,1857,1.497,-0.150,-349689,NA"
2026-03-23T21:16:06,242987,242.987,-0.148,,"242987,1857,1.497,-0.148,-349681,NA"
2026-03-23T21:16:06,243107,243.107,-0.151,,"243107,1857,1.497,-0.151,-349708,NA"
2026-03-23T21:16:07,243246,243.246,-0.147,,"243246,1857,1.497,-0.147,-349723,NA"
2026-03-23T21:16:07,243366,243.366,-0.147,,"243366,1857,1.497,-0.147,-349733,NA"
2026-03-23T21:16:07,243467,243.467,-0.146,,"243467,1857,1.497,-0.146,-349749,NA"
2026-03-23T21:16:07,243587,243.587,-0.152,,"243587,1857,1.497,-0.152,-349666,NA"
2026-03-23T21:16:07,243726,243.726,-0.147,,"243726,1857,1.497,-0.147,-349716,NA"
2026-03-23T21:16:07,243827,243.827,-0.146,,"243827,1857,1.497,-0.146,-349685,NA"
2026-03-23T21:16:07,243947,243.947,-0.143,,"243947,1857,1.497,-0.143,-349709,NA"
2026-03-23T21:16:07,244086,244.086,-0.139,,"244086,1858,1.497,-0.139,-349670,NA"
2026-03-23T21:16:08,244206,244.206,-0.14,,"244206,1858,1.497,-0.140,-349651,NA"
2026-03-23T21:16:08,244307,244.307,-0.14,,"244307,1858,1.497,-0.140,-349674,NA"
2026-03-23T21:16:08,244446,244.446,-0.142,,"244446,1857,1.497,-0.142,-349734,NA"
2026-03-23T21:16:08,244566,244.566,-0.14,,"244566,1858,1.497,-0.140,-349787,NA"
2026-03-23T21:16:08,244667,244.667,-0.137,,"244667,1858,1.497,-0.137,-349756,NA"
2026-03-23T21:16:08,244787,244.787,-0.135,,"244787,1858,1.498,-0.135,-349708,NA"
2026-03-23T21:16:08,244926,244.926,-0.138,,"244926,1858,1.497,-0.138,-349627,NA"
2026-03-23T21:16:08,245027,245.027,-0.135,,"245027,1858,1.498,-0.135,-349717,NA"
2026-03-23T21:16:08,245147,245.147,-0.132,,"245147,1858,1.498,-0.132,-349688,NA"
2026-03-23T21:16:09,245286,245.286,-0.129,,"245286,1858,1.498,-0.129,-349689,NA"
2026-03-23T21:16:09,245406,245.406,-0.131,,"245406,1858,1.498,-0.131,-349727,NA"
2026-03-23T21:16:09,245507,245.507,-0.132,,"245507,1858,1.498,-0.132,-349710,NA"
2026-03-23T21:16:09,245627,245.627,-0.135,,"245627,1858,1.498,-0.135,-349738,NA"
2026-03-23T21:16:09,245766,245.766,-0.14,,"245766,1858,1.497,-0.140,-349699,NA"
2026-03-23T21:16:09,245867,245.867,-0.144,,"245867,1857,1.497,-0.144,-349622,NA"
2026-03-23T21:16:09,245987,245.987,-0.144,,"245987,1857,1.497,-0.144,-349663,NA"
2026-03-23T21:16:09,246126,246.126,-0.143,,"246126,1857,1.497,-0.143,-349710,NA"
2026-03-23T21:16:10,246246,246.246,-0.144,,"246246,1857,1.497,-0.144,-349687,NA"
2026-03-23T21:16:10,246347,246.347,-0.145,,"246347,1857,1.497,-0.145,-349684,NA"
2026-03-23T21:16:10,246467,246.467,-0.143,,"246467,1857,1.497,-0.143,-349678,NA"
2026-03-23T21:16:10,246606,246.606,-0.139,,"246606,1858,1.497,-0.139,-349639,NA"
2026-03-23T21:16:10,246707,246.707,-0.138,,"246707,1858,1.497,-0.138,-349654,NA"
2026-03-23T21:16:10,246827,246.827,-0.139,,"246827,1858,1.497,-0.139,-349598,NA"
2026-03-23T21:16:10,246966,246.966,-0.142,,"246966,1858,1.497,-0.142,-349649,NA"
2026-03-23T21:16:10,247086,247.086,-0.145,,"247086,1857,1.497,-0.145,-349681,NA"
2026-03-23T21:16:10,247187,247.187,-0.143,,"247187,1857,1.497,-0.143,-349701,NA"
2026-03-23T21:16:11,247307,247.307,-0.143,,"247307,1857,1.497,-0.143,-349685,NA"
2026-03-23T21:16:11,247446,247.446,-0.141,,"247446,1858,1.497,-0.141,-349665,NA"
2026-03-23T21:16:11,247547,247.547,-0.146,,"247547,1857,1.497,-0.146,-349666,NA"
2026-03-23T21:16:11,247667,247.667,-0.143,,"247667,1857,1.497,-0.143,-349716,NA"
2026-03-23T21:16:11,247806,247.806,-0.141,,"247806,1858,1.497,-0.141,-349708,NA"
2026-03-23T21:16:11,247926,247.926,-0.143,,"247926,1857,1.497,-0.143,-349689,NA"
2026-03-23T21:16:11,248027,248.027,-0.146,,"248027,1857,1.497,-0.146,-349647,NA"
2026-03-23T21:16:12,248147,248.147,-0.145,,"248147,1857,1.497,-0.145,-349716,NA"
2026-03-23T21:16:12,248286,248.286,-0.15,,"248286,1857,1.497,-0.150,-349659,NA"
2026-03-23T21:16:12,248387,248.387,-0.151,,"248387,1857,1.497,-0.151,-349634,NA"
2026-03-23T21:16:12,248507,248.507,-0.149,,"248507,1857,1.497,-0.149,-349678,NA"
2026-03-23T21:16:12,248646,248.646,-0.147,,"248646,1857,1.497,-0.147,-349697,NA"
2026-03-23T21:16:12,248747,248.747,-0.147,,"248747,1857,1.497,-0.147,-349729,NA"
2026-03-23T21:16:12,248867,248.867,-0.147,,"248867,1857,1.497,-0.147,-349727,NA"
2026-03-23T21:16:12,249006,249.006,-0.146,,"249006,1857,1.497,-0.146,-349710,NA"
2026-03-23T21:16:12,249126,249.126,-0.147,,"249126,1857,1.497,-0.147,-349673,NA"
2026-03-23T21:16:13,249227,249.227,-0.147,,"249227,1857,1.497,-0.147,-349676,NA"
2026-03-23T21:16:13,249347,249.347,-0.148,,"249347,1857,1.497,-0.148,-349693,NA"
2026-03-23T21:16:13,249486,249.486,-0.141,,"249486,1858,1.497,-0.141,-349716,NA"
2026-03-23T21:16:13,249587,249.587,-0.145,,"249587,1857,1.497,-0.145,-349712,NA"
2026-03-23T21:16:13,249707,249.707,-0.144,,"249707,1857,1.497,-0.144,-349724,NA"
2026-03-23T21:16:13,249846,249.846,-0.14,,"249846,1858,1.497,-0.140,-349639,NA"
2026-03-23T21:16:13,249966,249.966,-0.14,,"249966,1858,1.497,-0.140,-349645,NA"
2026-03-23T21:16:13,250067,250.067,-0.141,,"250067,1858,1.497,-0.141,-349694,NA"
2026-03-23T21:16:13,250187,250.187,-0.145,,"250187,1857,1.497,-0.145,-349679,NA"
2026-03-23T21:16:14,250326,250.326,-0.144,,"250326,1857,1.497,-0.144,-349672,NA"
2026-03-23T21:16:14,250427,250.427,-0.141,,"250427,1858,1.497,-0.141,-349684,NA"
2026-03-23T21:16:14,250547,250.547,-0.144,,"250547,1857,1.497,-0.144,-349690,NA"
2026-03-23T21:16:14,250686,250.686,-0.145,,"250686,1857,1.497,-0.145,-349712,NA"
2026-03-23T21:16:14,250806,250.806,-0.142,,"250806,1857,1.497,-0.142,-349756,NA"
2026-03-23T21:16:14,250907,250.907,-0.142,,"250907,1858,1.497,-0.142,-349672,NA"
2026-03-23T21:16:14,251027,251.027,-0.142,,"251027,1858,1.497,-0.142,-349613,NA"
2026-03-23T21:16:14,251166,251.166,-0.138,,"251166,1858,1.497,-0.138,-349554,NA"
2026-03-23T21:16:15,251267,251.267,-0.141,,"251267,1858,1.497,-0.141,-349597,NA"
2026-03-23T21:16:15,251387,251.387,-0.144,,"251387,1857,1.497,-0.144,-349666,NA"
2026-03-23T21:16:15,251526,251.526,-0.147,,"251526,1857,1.497,-0.147,-349656,NA"
2026-03-23T21:16:15,251646,251.646,-0.153,,"251646,1857,1.497,-0.153,-349750,NA"
2026-03-23T21:16:15,251747,251.747,-0.154,,"251747,1857,1.497,-0.154,-349655,NA"
2026-03-23T21:16:15,251867,251.867,-0.156,,"251867,1857,1.497,-0.156,-349636,NA"
2026-03-23T21:16:15,252006,252.006,-0.154,,"252006,1857,1.497,-0.154,-349684,NA"
2026-03-23T21:16:15,252107,252.107,-0.152,,"252107,1857,1.497,-0.152,-349636,NA"
2026-03-23T21:16:16,252227,252.227,-0.156,,"252227,1857,1.497,-0.156,-349626,NA"
2026-03-23T21:16:16,252366,252.366,-0.154,,"252366,1857,1.497,-0.154,-349634,NA"
2026-03-23T21:16:16,252467,252.467,-0.151,,"252467,1857,1.497,-0.151,-349671,NA"
2026-03-23T21:16:16,252587,252.587,-0.154,,"252587,1857,1.497,-0.154,-349709,NA"
2026-03-23T21:16:16,252726,252.726,-0.158,,"252726,1857,1.497,-0.158,-349698,NA"
2026-03-23T21:16:16,252846,252.846,-0.159,,"252846,1857,1.497,-0.159,-349731,NA"
2026-03-23T21:16:16,252947,252.947,-0.156,,"252947,1857,1.497,-0.156,-349721,NA"
2026-03-23T21:16:16,253067,253.067,-0.156,,"253067,1857,1.497,-0.156,-349678,NA"
2026-03-23T21:16:17,253206,253.206,-0.154,,"253206,1857,1.497,-0.154,-349655,NA"
2026-03-23T21:16:17,253307,253.307,-0.154,,"253307,1857,1.497,-0.154,-349647,NA"
2026-03-23T21:16:17,253427,253.427,-0.153,,"253427,1857,1.497,-0.153,-349611,NA"
2026-03-23T21:16:17,253566,253.566,-0.155,,"253566,1857,1.497,-0.155,-349570,NA"
2026-03-23T21:16:17,253686,253.686,-0.154,,"253686,1857,1.497,-0.154,-349574,NA"
2026-03-23T21:16:17,253787,253.787,-0.154,,"253787,1857,1.497,-0.154,-349602,NA"
2026-03-23T21:16:17,253907,253.907,-0.155,,"253907,1857,1.497,-0.155,-349622,NA"
2026-03-23T21:16:17,254046,254.046,-0.157,,"254046,1857,1.497,-0.157,-349620,NA"
2026-03-23T21:16:17,254147,254.147,-0.156,,"254147,1857,1.497,-0.156,-349605,NA"
2026-03-23T21:16:18,254267,254.267,-0.156,,"254267,1857,1.497,-0.156,-349590,NA"
2026-03-23T21:16:18,254406,254.406,-0.154,,"254406,1857,1.497,-0.154,-349643,NA"
2026-03-23T21:16:18,254526,254.526,-0.158,,"254526,1857,1.497,-0.158,-349655,NA"
2026-03-23T21:16:18,254627,254.627,-0.161,,"254627,1857,1.497,-0.161,-349615,NA"
2026-03-23T21:16:18,254747,254.747,-0.161,,"254747,1857,1.497,-0.161,-349635,NA"
2026-03-23T21:16:18,254886,254.886,-0.167,,"254886,1856,1.496,-0.167,-349643,NA"
2026-03-23T21:16:18,254987,254.987,-0.167,,"254987,1856,1.496,-0.167,-349662,NA"
2026-03-23T21:16:18,255107,255.107,-0.166,,"255107,1856,1.496,-0.166,-349666,NA"
2026-03-23T21:16:19,255246,255.246,-0.161,,"255246,1857,1.497,-0.161,-349575,NA"
2026-03-23T21:16:19,255366,255.366,-0.162,,"255366,1857,1.497,-0.162,-349585,NA"
2026-03-23T21:16:19,255467,255.467,-0.16,,"255467,1857,1.497,-0.160,-349699,NA"
2026-03-23T21:16:19,255587,255.587,-0.157,,"255587,1857,1.497,-0.157,-349713,NA"
2026-03-23T21:16:19,255726,255.726,-0.156,,"255726,1857,1.497,-0.156,-349674,NA"
2026-03-23T21:16:19,255827,255.827,-0.16,,"255827,1857,1.497,-0.160,-349683,NA"
2026-03-23T21:16:19,255947,255.947,-0.157,,"255947,1857,1.497,-0.157,-349646,NA"
2026-03-23T21:16:19,256086,256.086,-0.154,,"256086,1857,1.497,-0.154,-349599,NA"
2026-03-23T21:16:20,256206,256.206,-0.155,,"256206,1857,1.497,-0.155,-349644,NA"
2026-03-23T21:16:20,256307,256.307,-0.155,,"256307,1857,1.497,-0.155,-349623,NA"
2026-03-23T21:16:20,256427,256.427,-0.153,,"256427,1857,1.497,-0.153,-349612,NA"
2026-03-23T21:16:20,256566,256.566,-0.15,,"256566,1857,1.497,-0.150,-349612,NA"
2026-03-23T21:16:20,256667,256.667,-0.155,,"256667,1857,1.497,-0.155,-349596,NA"
2026-03-23T21:16:20,256787,256.787,-0.154,,"256787,1857,1.497,-0.154,-349592,NA"
2026-03-23T21:16:20,256926,256.926,-0.15,,"256926,1857,1.497,-0.150,-349666,NA"
2026-03-23T21:16:20,257027,257.027,-0.153,,"257027,1857,1.497,-0.153,-349654,NA"
2026-03-23T21:16:20,257147,257.147,-0.152,,"257147,1857,1.497,-0.152,-349679,NA"
2026-03-23T21:16:21,257286,257.286,-0.151,,"257286,1857,1.497,-0.151,-349624,NA"
2026-03-23T21:16:21,257406,257.406,-0.156,,"257406,1857,1.497,-0.156,-349697,NA"
2026-03-23T21:16:21,257507,257.507,-0.159,,"257507,1857,1.497,-0.159,-349665,NA"
2026-03-23T21:16:21,257627,257.627,-0.153,,"257627,1857,1.497,-0.153,-349625,NA"
2026-03-23T21:16:21,257766,257.766,-0.15,,"257766,1857,1.497,-0.150,-349616,NA"
2026-03-23T21:16:21,257867,257.867,-0.148,,"257867,1857,1.497,-0.148,-349613,NA"
2026-03-23T21:16:21,257987,257.987,-0.155,,"257987,1857,1.497,-0.155,-349631,NA"
2026-03-23T21:16:21,258126,258.126,-0.155,,"258126,1857,1.497,-0.155,-349636,NA"
2026-03-23T21:16:22,258246,258.246,-0.153,,"258246,1857,1.497,-0.153,-349626,NA"
2026-03-23T21:16:22,258347,258.347,-0.152,,"258347,1857,1.497,-0.152,-349663,NA"
2026-03-23T21:16:22,258467,258.467,-0.149,,"258467,1857,1.497,-0.149,-349657,NA"
2026-03-23T21:16:22,258606,258.606,-0.147,,"258606,1857,1.497,-0.147,-349625,NA"
2026-03-23T21:16:22,258707,258.707,-0.148,,"258707,1857,1.497,-0.148,-349633,NA"
2026-03-23T21:16:22,258827,258.827,-0.151,,"258827,1857,1.497,-0.151,-349634,NA"
2026-03-23T21:16:22,258966,258.966,-0.149,,"258966,1857,1.497,-0.149,-349595,NA"
2026-03-23T21:16:22,259086,259.086,-0.147,,"259086,1857,1.497,-0.147,-349624,NA"
2026-03-23T21:16:23,259187,259.187,-0.146,,"259187,1857,1.497,-0.146,-349601,NA"
2026-03-23T21:16:23,259307,259.307,-0.15,,"259307,1857,1.497,-0.150,-349641,NA"
2026-03-23T21:16:23,259446,259.446,-0.151,,"259446,1857,1.497,-0.151,-349681,NA"
2026-03-23T21:16:23,259547,259.547,-0.152,,"259547,1857,1.497,-0.152,-349696,NA"
2026-03-23T21:16:23,259667,259.667,-0.15,,"259667,1857,1.497,-0.150,-349692,NA"
2026-03-23T21:16:23,259806,259.806,-0.146,,"259806,1857,1.497,-0.146,-349669,NA"
2026-03-23T21:16:23,259926,259.926,-0.143,,"259926,1857,1.497,-0.143,-349703,NA"
2026-03-23T21:16:24,260027,260.027,-0.141,,"260027,1858,1.497,-0.141,-349705,NA"
2026-03-23T21:16:24,260147,260.147,-0.141,,"260147,1858,1.497,-0.141,-349641,NA"
2026-03-23T21:16:24,260286,260.286,-0.14,,"260286,1858,1.497,-0.140,-349692,NA"
2026-03-23T21:16:24,260387,260.387,-0.14,,"260387,1858,1.497,-0.140,-349756,NA"
2026-03-23T21:16:24,260507,260.507,-0.145,,"260507,1857,1.497,-0.145,-349693,NA"
2026-03-23T21:16:24,260646,260.646,-0.144,,"260646,1857,1.497,-0.144,-349674,NA"
2026-03-23T21:16:24,260747,260.747,-0.142,,"260747,1858,1.497,-0.142,-349644,NA"
2026-03-23T21:16:24,260867,260.867,-0.144,,"260867,1857,1.497,-0.144,-349634,NA"
2026-03-23T21:16:24,261006,261.006,-0.143,,"261006,1857,1.497,-0.143,-349649,NA"
2026-03-23T21:16:24,261126,261.126,-0.137,,"261126,1858,1.497,-0.137,-349610,NA"
2026-03-23T21:16:25,261227,261.227,-0.142,,"261227,1858,1.497,-0.142,-349566,NA"
2026-03-23T21:16:25,261347,261.347,-0.148,,"261347,1857,1.497,-0.148,-349575,NA"
2026-03-23T21:16:25,261486,261.486,-0.148,,"261486,1857,1.497,-0.148,-349696,NA"
2026-03-23T21:16:25,261587,261.587,-0.146,,"261587,1857,1.497,-0.146,-349661,NA"
2026-03-23T21:16:25,261707,261.707,-0.147,,"261707,1857,1.497,-0.147,-349638,NA"
2026-03-23T21:16:25,261846,261.846,-0.147,,"261846,1857,1.497,-0.147,-349629,NA"
2026-03-23T21:16:25,261966,261.966,-0.148,,"261966,1857,1.497,-0.148,-349598,NA"
2026-03-23T21:16:25,262067,262.067,-0.146,,"262067,1857,1.497,-0.146,-349611,NA"
2026-03-23T21:16:25,262187,262.187,-0.147,,"262187,1857,1.497,-0.147,-349673,NA"
2026-03-23T21:16:26,262326,262.326,-0.146,,"262326,1857,1.497,-0.146,-349588,NA"
2026-03-23T21:16:26,262427,262.427,-0.146,,"262427,1857,1.497,-0.146,-349580,NA"
2026-03-23T21:16:26,262547,262.547,-0.147,,"262547,1857,1.497,-0.147,-349625,NA"
